,PRICE,BRAND,YEAR,COLOR,STATE
0,6300,TOYOTA,2008,BLACK,NEW JERSEY
1,2899,FORD,2011,SILVER,TENNESSEE
2,5350,DODGE,2018,SILVER,GEORGIA
3,25000,FORD,2014,BLUE,VIRGINIA
4,27700,CHEVROLET,2018,RED,FLORIDA
5,5700,DODGE,2018,WHITE,TEXAS
6,7300,CHEVROLET,2010,BLACK,GEORGIA
7,13350,GMC,2017,GRAY,CALIFORNIA
8,14600,CHEVROLET,2018,SILVER,FLORIDA
9,5250,FORD,2017,BLACK,TEXAS
10,10400,DODGE,2009,ORANGE,GEORGIA
11,12920,GMC,2017,WHITE,CALIFORNIA
12,31900,CHEVROLET,2018,BLACK,TENNESSEE
13,5430,CHRYSLER,2017,GRAY,TEXAS
14,20700,FORD,2013,BLACK,VIRGINIA
15,12710,GMC,2017,WHITE,CALIFORNIA
16,5200,KIA,2018,BLUE,NORTH CAROLINA
17,16500,BUICK,2018,RED,TENNESSEE
18,5210,FORD,2017,WHITE,TEXAS
19,38100,FORD,2013,GRAY,VIRGINIA
20,12520,GMC,2017,WHITE,CALIFORNIA
21,7300,KIA,2018,BLACK,NORTH CAROLINA
22,15000,CHEVROLET,2015,BLACK,OHIO
23,6180,FORD,2017,BLUE,TEXAS
24,20800,FORD,2013,SILVER,VIRGINIA
25,11900,GMC,2017,SILVER,CALIFORNIA
26,21500,KIA,2020,BLUE,NORTH CAROLINA
27,12000,BUICK,2014,BROWN,OHIO
28,4190,FORD,2017,WHITE,TEXAS
29,13000,FORD,2008,WHITE,TENNESSEE
30,12710,GMC,2017,SILVER,CALIFORNIA
31,18500,INFINITI,2016,GRAY,NEW YORK
32,29800,CHEVROLET,1973,RED,PENNSYLVANIA
33,5330,FORD,2017,NO_COLOR,TEXAS
34,13000,FORD,2003,GRAY,VIRGINIA
35,11900,GMC,2017,BLACK,CALIFORNIA
36,16600,MERCEDES-BENZ,2016,WHITE,NEW YORK
37,19200,CHEVROLET,2018,WHITE,TENNESSEE
38,7320,FORD,2017,GOLD,TEXAS
39,7000,FORD,2003,WHITE,TENNESSEE
40,12710,GMC,2017,WHITE,CALIFORNIA
41,16600,MERCEDES-BENZ,2016,WHITE,NEW YORK
42,30500,CHEVROLET,2018,RED,TENNESSEE
43,6330,FORD,2017,RED,TEXAS
44,55000,FORD,2017,BLACK,PENNSYLVANIA
45,12520,GMC,2017,BLACK,CALIFORNIA
46,16200,JEEP,2019,RED,NORTH CAROLINA
47,19000,CHEVROLET,2017,WHITE,TENNESSEE
48,5580,DODGE,2017,GRAY,TEXAS
49,54000,FORD,2017,BLACK,PENNSYLVANIA
50,12710,GMC,2017,RED,CALIFORNIA
51,16000,JEEP,2019,SILVER,NORTH CAROLINA
52,27000,BUICK,2017,NO_COLOR,TENNESSEE
53,7760,FORD,2017,GRAY,TEXAS
54,19600,CHRYSLER,2019,GRAY,SOUTH CAROLINA
55,12920,GMC,2017,SILVER,CALIFORNIA
56,20000,JEEP,2019,CHARCOAL,NORTH CAROLINA
57,18100,BUICK,2017,SILVER,FLORIDA
58,23000,CHRYSLER,2020,WHITE,OHIO
59,18500,CHRYSLER,2019,GRAY,SOUTH CAROLINA
60,13490,GMC,2017,WHITE,CALIFORNIA
61,20700,JEEP,2019,WHITE,NORTH CAROLINA
62,17800,CHEVROLET,2017,BLACK,FLORIDA
63,6650,FORD,2017,BLACK,TEXAS
64,29100,CHRYSLER,2019,RED,SOUTH CAROLINA
65,12710,GMC,2017,SILVER,CALIFORNIA
66,21100,JEEP,2019,SILVER,NORTH CAROLINA
67,18600,CHEVROLET,2017,WHITE,FLORIDA
68,4340,FORD,2017,SILVER,TEXAS
69,19300,CHRYSLER,2019,GRAY,SOUTH CAROLINA
70,12780,GMC,2017,BLACK,CALIFORNIA
71,15800,JEEP,2019,CHARCOAL,NORTH CAROLINA
72,29400,BMW,2017,BLACK,TENNESSEE
73,4430,FORD,2017,BLACK,TEXAS
74,19400,CHRYSLER,2019,GRAY,SOUTH CAROLINA
75,12520,GMC,2017,RED,CALIFORNIA
76,15900,JEEP,2019,RED,NORTH CAROLINA
77,26400,BUICK,2017,WHITE,FLORIDA
78,4140,FORD,2017,BLACK,TEXAS
79,18300,CHRYSLER,2019,GRAY,SOUTH CAROLINA
80,12520,GMC,2017,BLACK,CALIFORNIA
81,17900,JEEP,2019,RED,NORTH CAROLINA
82,18300,CHEVROLET,2017,BLACK,FLORIDA
83,4640,FORD,2017,BLUE,TEXAS
84,24000,FORD,2016,BLACK,PENNSYLVANIA
85,13200,GMC,2017,WHITE,CALIFORNIA
86,18000,JEEP,2019,GRAY,NORTH CAROLINA
87,14900,CHEVROLET,2017,SILVER,FLORIDA
88,4140,FORD,2017,WHITE,TEXAS
89,11500,FORD,2016,BLACK,PENNSYLVANIA
90,9110,FORD,2017,WHITE,TEXAS
91,7350,CHRYSLER,2015,BLACK,PENNSYLVANIA
92,24500,BMW,2017,GRAY,MICHIGAN
93,9300,FORD,2017,WHITE,TEXAS
94,39800,DODGE,2015,WHITE,PENNSYLVANIA
95,53500,BMW,2017,BLUE,MICHIGAN
96,15110,FORD,2017,BLACK,TEXAS
97,34000,FORD,2015,WHITE,PENNSYLVANIA
98,26502,CHEVROLET,2017,BLACK,MICHIGAN
99,5990,FORD,2017,BLACK,TEXAS
100,13600,FORD,2018,BLACK,SOUTH CAROLINA
101,23605,CADILLAC,2017,GRAY,MICHIGAN
102,10780,FORD,2017,WHITE,TEXAS
103,13800,FORD,2018,WHITE,SOUTH CAROLINA
104,25201,CADILLAC,2017,NO_COLOR,MICHIGAN
105,7070,FORD,2017,WHITE,TEXAS
106,8700,FORD,2018,WHITE,SOUTH CAROLINA
107,18003,CHEVROLET,2017,NO_COLOR,MICHIGAN
108,8530,FORD,2017,BLACK,TEXAS
109,23100,DODGE,2018,WHITE,SOUTH CAROLINA
110,24500,CADILLAC,2017,WHITE,MICHIGAN
111,7000,FORD,2017,WHITE,TEXAS
112,17000,FORD,2018,GOLD,SOUTH CAROLINA
113,34002,CHEVROLET,2017,WHITE,MICHIGAN
114,6980,FORD,2017,GRAY,TEXAS
115,25000,DODGE,2018,SILVER,MICHIGAN
116,20802,CHEVROLET,2017,TURQUOISE,MICHIGAN
117,9200,FORD,2017,BLACK,TEXAS
118,26500,CHRYSLER,2017,GRAY,MICHIGAN
119,24802,CHEVROLET,2017,GRAY,MICHIGAN
120,7070,FORD,2017,BLACK,TEXAS
121,28500,FORD,2017,RED,SOUTH CAROLINA
122,47500,CADILLAC,2017,BLACK,MICHIGAN
123,23500,FORD,2017,BLACK,SOUTH CAROLINA
124,23505,CHEVROLET,2017,BLACK,MICHIGAN
125,10940,FORD,2017,WHITE,TEXAS
126,32100,FORD,2017,GRAY,SOUTH CAROLINA
127,53000,CHEVROLET,2018,BLACK,WASHINGTON
128,6830,FORD,2017,GOLD,TEXAS
129,11900,DODGE,2017,GRAY,SOUTH CAROLINA
130,26414,CHEVROLET,2017,BLACK,MICHIGAN
131,4160,DODGE,2018,GRAY,FLORIDA
132,19405,CHEVROLET,2017,SILVER,MICHIGAN
133,5690,DODGE,2018,SILVER,FLORIDA
134,25900,CHRYSLER,2017,SILVER,SOUTH CAROLINA
135,24005,CHEVROLET,2017,BEIGE,MICHIGAN
136,5090,DODGE,2018,GRAY,FLORIDA
137,19500,CHRYSLER,2017,GRAY,ARIZONA
138,32012,CHEVROLET,2017,WHITE,MICHIGAN
139,6800,DODGE,2016,BLACK,MICHIGAN
140,4260,DODGE,2018,GRAY,FLORIDA
141,0,DODGE,2008,ORANGE,UTAH
142,31802,CHEVROLET,2017,SILVER,MICHIGAN
143,7210,DODGE,2018,BLACK,FLORIDA
144,0,DODGE,2014,SILVER,UTAH
145,28402,CHEVROLET,2017,BLACK,MICHIGAN
146,6800,DODGE,2018,GRAY,FLORIDA
147,33300,CADILLAC,2015,GRAY,WASHINGTON
148,10780,DODGE,2018,WHITE,FLORIDA
149,6700,FORD,2014,BEIGE,PENNSYLVANIA
150,20000,CHEVROLET,2016,WHITE,WASHINGTON
151,6440,CHRYSLER,2018,GRAY,FLORIDA
152,19900,FORD,2016,GRAY,SOUTH CAROLINA
153,37000,CHEVROLET,2015,WHITE,WASHINGTON
154,4040,DODGE,2018,RED,FLORIDA
155,22300,FORD,2016,BLACK,SOUTH CAROLINA
156,31200,CHEVROLET,2011,GRAY,WASHINGTON
157,4290,DODGE,2018,WHITE,FLORIDA
158,22800,FORD,2016,SILVER,SOUTH CAROLINA
159,19002,CADILLAC,2016,WHITE,MICHIGAN
160,4160,DODGE,2018,GRAY,FLORIDA
161,18500,FORD,2016,WHITE,SOUTH CAROLINA
162,39000,BMW,2016,BLUE,MICHIGAN
163,6060,DODGE,2018,BLACK,FLORIDA
164,28800,FORD,2016,WHITE,SOUTH CAROLINA
165,40000,BMW,2016,GRAY,MICHIGAN
166,6140,DODGE,2018,SILVER,FLORIDA
167,21000,FORD,2016,GRAY,SOUTH CAROLINA
168,20105,BUICK,2016,BEIGE,MICHIGAN
169,6760,DODGE,2018,WHITE,FLORIDA
170,25800,FORD,2014,BROWN,PENNSYLVANIA
171,39000,BMW,2016,BLACK,MICHIGAN
172,5470,DODGE,2018,BLACK,FLORIDA
173,14600,FORD,2014,BLACK,PENNSYLVANIA
174,24502,CHEVROLET,2016,BLACK,MICHIGAN
175,15110,FORD,2017,WHITE,TEXAS
176,7900,FORD,2014,WHITE,NEW YORK
177,27305,CHEVROLET,2016,BLUE,MICHIGAN
178,15290,FORD,2017,WHITE,TEXAS
179,26500,FORD,2015,SILVER,SOUTH CAROLINA
180,25502,CHEVROLET,2016,SILVER,MICHIGAN
181,7320,FORD,2017,WHITE,TEXAS
182,3800,CHEVROLET,2009,WHITE,MICHIGAN
183,24502,CHEVROLET,2016,WHITE,MICHIGAN
184,4140,FORD,2017,WHITE,TEXAS
185,1400,DODGE,2002,BLACK,MICHIGAN
186,18402,CADILLAC,2016,GRAY,MICHIGAN
187,4160,FORD,2017,WHITE,TEXAS
188,175,CHRYSLER,2000,RED,NORTH CAROLINA
189,24503,CHEVROLET,2016,BROWN,MICHIGAN
190,15840,FORD,2017,WHITE,TEXAS
191,20500,FORD,2014,BLACK,SOUTH CAROLINA
192,21003,CHEVROLET,2016,SILVER,MICHIGAN
193,4200,FORD,2017,RED,TEXAS
194,17400,FORD,2011,RED,GEORGIA
195,32001,CHEVROLET,2016,BLACK,MICHIGAN
196,0,FORD,2017,WHITE,TEXAS
197,15700,FORD,2011,WHITE,SOUTH CAROLINA
198,31009,CHEVROLET,2016,WHITE,MICHIGAN
199,3740,FORD,2017,WHITE,TEXAS
200,5000,DODGE,2001,WHITE,GEORGIA
201,31002,CHEVROLET,2016,WHITE,MICHIGAN
202,3160,FORD,2017,GRAY,TEXAS
203,8600,DODGE,2005,GRAY,SOUTH CAROLINA
204,6000,CHEVROLET,2018,GRAY,TEXAS
205,12990,FORD,2017,WHITE,TEXAS
206,25,CHEVROLET,2020,BLACK,KENTUCKY
207,13200,BUICK,2017,BLACK,TEXAS
208,4410,FORD,2017,WHITE,TEXAS
209,25,CHRYSLER,2005,SILVER,MASSACHUSETTS
210,22500,CHEVROLET,2020,GREEN,GEORGIA
211,7420,FORD,2017,WHITE,TEXAS
212,13500,FORD,2016,SILVER,ARIZONA
213,15500,CHEVROLET,2020,WHITE,GEORGIA
214,3540,FORD,2017,WHITE,TEXAS
215,17000,FORD,2016,NO_COLOR,FLORIDA
216,45500,CHEVROLET,2020,WHITE,GEORGIA
217,4130,FORD,2017,SILVER,TEXAS
218,15700,FORD,2015,WHITE,ARIZONA
219,45500,CHEVROLET,2020,GRAY,GEORGIA
220,4130,FORD,2017,GRAY,TEXAS
221,15500,DODGE,2012,BLACK,PENNSYLVANIA
222,16300,CHEVROLET,2020,WHITE,GEORGIA
223,4530,FORD,2017,WHITE,TEXAS
224,15600,DODGE,2011,BLACK,PENNSYLVANIA
225,45500,CHEVROLET,2020,WHITE,GEORGIA
226,4100,FORD,2017,GRAY,TEXAS
227,18200,DODGE,2011,WHITE,PENNSYLVANIA
228,10200,CHEVROLET,2013,BLACK,TEXAS
229,4080,FORD,2017,BLACK,TEXAS
230,5700,FORD,2014,WHITE,FLORIDA
231,10200,CHEVROLET,2014,WHITE,TEXAS
232,5000,FORD,2017,WHITE,TEXAS
233,1700,FORD,2014,WHITE,FLORIDA
234,6200,BMW,2011,GRAY,TEXAS
235,3650,FORD,2016,WHITE,TEXAS
236,10500,DODGE,2014,WHITE,ARIZONA
237,43500,CHEVROLET,2018,WHITE,GEORGIA
238,4610,DODGE,2016,SILVER,TEXAS
239,3450,FORD,2012,WHITE,FLORIDA
240,38500,CHEVROLET,2018,SILVER,GEORGIA
241,6810,FORD,2016,SILVER,TEXAS
242,2900,FORD,2011,WHITE,FLORIDA
243,43500,CHEVROLET,2018,WHITE,GEORGIA
244,4450,FORD,2016,WHITE,TEXAS
245,5800,FORD,2011,WHITE,FLORIDA
246,16500,CHEVROLET,2018,SILVER,GEORGIA
247,4240,DODGE,2016,WHITE,TEXAS
248,26500,FORD,2008,WHITE,PENNSYLVANIA
249,13700,CHEVROLET,2017,SILVER,GEORGIA
250,8600,FORD,2016,WHITE,TEXAS
251,8000,FORD,2008,WHITE,FLORIDA
252,14200,CHEVROLET,2017,SILVER,GEORGIA
253,7040,FORD,2016,SILVER,TEXAS
254,4700,FORD,2005,NO_COLOR,FLORIDA
255,30851,CHEVROLET,2016,RED,GEORGIA
256,4880,FORD,2016,SILVER,TEXAS
257,14500,DODGE,2006,SILVER,PENNSYLVANIA
258,7600,CHEVROLET,2017,BROWN,NEBRASKA
259,13270,FORD,2016,WHITE,TEXAS
260,12800,FORD,2012,GRAY,ARIZONA
261,33000,CHEVROLET,2018,WHITE,ONTARIO
262,9280,FORD,2016,WHITE,TEXAS
263,900,FORD,2003,WHITE,FLORIDA
264,7560,FORD,2016,GRAY,TEXAS
265,19500,FORD,2011,WHITE,PENNSYLVANIA
266,17100,CHEVROLET,2019,WHITE,WASHINGTON
267,8020,FORD,2016,WHITE,TEXAS
268,10300,FORD,2019,BLACK,MISSOURI
269,22600,CHEVROLET,2019,WHITE,WASHINGTON
270,10480,FORD,2016,GRAY,TEXAS
271,10300,FORD,2019,SILVER,MISSOURI
272,22700,CHEVROLET,2019,WHITE,WASHINGTON
273,7410,FORD,2016,GRAY,TEXAS
274,10300,FORD,2019,GRAY,MISSOURI
275,10300,CHEVROLET,2013,GRAY,WASHINGTON
276,7570,FORD,2016,WHITE,TEXAS
277,67000,DODGE,2019,BLUE,OHIO
278,18900,CHEVROLET,2019,WHITE,TEXAS
279,12560,FORD,2019,WHITE,FLORIDA
280,33000,DODGE,2019,WHITE,OHIO
281,18300,CHEVROLET,2019,BLACK,TEXAS
282,11760,FORD,2017,WHITE,TEXAS
283,31700,DODGE,2019,RED,OHIO
284,25,DODGE,2007,DARK BLUE,MINNESOTA
285,0,FORD,2000,BLACK,OKLAHOMA
286,7340,FORD,2019,GRAY,FLORIDA
287,8200,HYUNDAI,2017,WHITE,CONNECTICUT
288,3000,KIA,2013,SILVER,MISSOURI
289,6530,JEEP,2019,BLACK,GEORGIA
290,0,MAZDA,2009,GRAY,INDIANA
291,12700,KIA,2019,SILVER,CALIFORNIA
292,13800,KIA,2017,GRAY,NORTH CAROLINA
293,0,CHEVROLET,1998,GRAY,TEXAS
294,725,FORD,2017,GRAY,VIRGINIA
295,7400,FORD,2019,GRAY,FLORIDA
296,9800,HYUNDAI,2017,RED,CONNECTICUT
297,0,HONDA,2003,WHITE,ARKANSAS
298,4400,JEEP,2019,GREEN,GEORGIA
299,10330,INFINITI,2019,BLUE,FLORIDA
300,1800,CHEVROLET,2011,BLACK,ARKANSAS
301,50,CHEVROLET,2008,BLUE,TEXAS
302,720,FORD,2006,NO_COLOR,FLORIDA
303,22800,FORD,2017,RED,MICHIGAN
304,2500,FORD,2017,BLACK,CALIFORNIA
305,0,FORD,2003,GOLD,KANSAS
306,9190,GMC,2017,BLACK,VIRGINIA
307,10900,JEEP,2019,RED,MICHIGAN
308,10400,INFINITI,2019,BLACK,FLORIDA
309,0,CHEVROLET,2004,MAROON,WYOMING
310,0,CHEVROLET,2003,GRAY,TEXAS
311,7320,CHEVROLET,2008,SILVER,FLORIDA
312,22809,FORD,2017,BLACK,MICHIGAN
313,0,FORD,1998,BLUE,CALIFORNIA
314,0,FORD,2013,BLACK,MINNESOTA
315,5520,GMC,2017,SILVER,VIRGINIA
316,10900,JEEP,2019,ORANGE,MICHIGAN
317,6330,JEEP,2019,RED,FLORIDA
318,0,CHEVROLET,2009,BLACK,COLORADO
319,25,CHEVROLET,2010,WHITE,COLORADO
320,2320,DODGE,2007,RED,FLORIDA
321,23702,FORD,2017,BLACK,MICHIGAN
322,0,FORD,1994,GREEN,CALIFORNIA
323,0,FORD,1997,GREEN,MINNESOTA
324,5520,GMC,2017,SILVER,VIRGINIA
325,4050,HEARTLAND,2018,GRAY,PENNSYLVANIA
326,14810,INFINITI,2019,BROWN,FLORIDA
327,25,CHEVROLET,2011,WHITE,COLORADO
328,2960,CHRYSLER,2008,RED,FLORIDA
329,24800,FORD,2017,GRAY,MICHIGAN
330,0,FORD,1996,GREEN,CALIFORNIA
331,0,FORD,2006,RED,ILLINOIS
332,6270,GMC,2017,BLACK,VIRGINIA
333,1880,HEARTLAND,2012,WHITE,PENNSYLVANIA
334,10050,INFINITI,2019,GRAY,FLORIDA
335,225,CHEVROLET,2014,RED,COLORADO
336,26900,CHEVROLET,2018,BLACK,MISSOURI
337,1420,CHRYSLER,2007,GOLD,FLORIDA
338,27003,FORD,2017,BLACK,MICHIGAN
339,0,FORD,2002,BLACK,SOUTH CAROLINA
340,350,FORD,2004,GRAY,ILLINOIS
341,5600,GMC,2017,BLACK,VIRGINIA
342,6680,HEARTLAND,2011,GRAY,PENNSYLVANIA
343,10120,INFINITI,2019,WHITE,FLORIDA
344,0,CHEVROLET,2010,RED,COLORADO
345,3920,FORD,2015,WHITE,GEORGIA
346,23100,FORD,2017,BLACK,MICHIGAN
347,0,GMC,2004,GOLD,SOUTH CAROLINA
348,5630,GMC,2017,BLACK,VIRGINIA
349,0,HEARTLAND,2009,WHITE,PENNSYLVANIA
350,2800,JAGUAR,2019,BLACK,FLORIDA
351,0,CHEVROLET,2008,GRAY,CALIFORNIA
352,8850,FORD,2015,BLACK,GEORGIA
353,18712,FORD,2017,BLACK,MICHIGAN
354,0,FORD,2009,BLUE,TENNESSEE
355,0,FORD,2009,BLACK,ILLINOIS
356,6300,GMC,2017,BLUE,VIRGINIA
357,2220,HEARTLAND,2010,WHITE,PENNSYLVANIA
358,6930,JEEP,2019,RED,FLORIDA
359,25,CHEVROLET,2008,WHITE,CALIFORNIA
360,3440,FORD,2015,WHITE,GEORGIA
361,50412,FORD,2017,BLACK,MICHIGAN
362,25,FORD,1994,WHITE,GEORGIA
363,950,FORD,2001,RED,ILLINOIS
364,9270,GMC,2017,GRAY,VIRGINIA
365,11380,JEEP,2019,BLACK,MICHIGAN
366,5350,HYUNDAI,2019,BLUE,FLORIDA
367,2725,CHEVROLET,2004,BLACK,SOUTH CAROLINA
368,3790,FORD,2015,GRAY,GEORGIA
369,40514,FORD,2017,WHITE,MICHIGAN
370,0,FORD,1997,GREEN,WISCONSIN
371,0,FORD,1998,WHITE,ILLINOIS
372,9190,GMC,2017,GRAY,VIRGINIA
373,10330,INFINITI,2019,GRAY,FLORIDA
374,1000,ACURA,2008,GRAY,MICHIGAN
375,2925,BMW,2013,WHITE,FLORIDA
376,3830,FORD,2015,GOLD,GEORGIA
377,43402,FORD,2017,BLUE,MICHIGAN
378,1025,GMC,2009,BLACK,MICHIGAN
379,17200,HONDA,2016,GRAY,NEW JERSEY
380,54680,HARLEY-DAVIDSON,2016,BLACK,VIRGINIA
381,6940,HONDA,2010,NO_COLOR,PENNSYLVANIA
382,13080,INFINITI,2019,GRAY,FLORIDA
383,25,CHEVROLET,2007,GRAY,VIRGINIA
384,10630,FORD,2015,WHITE,GEORGIA
385,43009,FORD,2017,WHITE,MICHIGAN
386,25,GMC,2003,WHITE,MICHIGAN
387,4600,FORD,2006,BROWN,MISSISSIPPI
388,4950,HONDA,2016,BLACK,VIRGINIA
389,3760,HYUNDAI,2019,SILVER,FLORIDA
390,3900,ACURA,2009,BLACK,TEXAS
391,0,CADILLAC,2000,WHITE,VIRGINIA
392,3830,FORD,2015,SILVER,GEORGIA
393,53500,FORD,2017,WHITE,MICHIGAN
394,25,FORD,2010,GRAY,MICHIGAN
395,25,FORD,1998,BROWN,ARKANSAS
396,6240,HONDA,2015,SILVER,VIRGINIA
397,4150,JEEP,2014,WHITE,NEW YORK
398,25,JEEP,1999,BLACK,FLORIDA
399,61200,BMW,2020,BLACK,CALIFORNIA
400,0,BUICK,2006,BLUE,VIRGINIA
401,13500,BMW,2014,BLUE,NEW JERSEY
402,6490,FORD,2015,BLACK,GEORGIA
403,51502,FORD,2017,BLACK,MICHIGAN
404,250,FORD,2010,WHITE,MICHIGAN
405,25,FORD,1984,WHITE,ARKANSAS
406,8160,HONDA,2015,GRAY,VIRGINIA
407,7770,JEEP,2014,GRAY,NEW YORK
408,200,JEEP,2001,GREEN,MARYLAND
409,25,AUDI,2008,BLACK,TEXAS
410,0,CHEVROLET,1995,GREEN,ARIZONA
411,1825,BMW,2008,WHITE,GEORGIA
412,39800,BMW,2017,BLUE,CALIFORNIA
413,9210,FORD,2015,SILVER,GEORGIA
414,58500,FORD,2019,BLUE,WASHINGTON
415,125,FORD,2014,SILVER,MICHIGAN
416,3960,HONDA,2015,WHITE,VIRGINIA
417,5998,HYUNDAI,2014,PHANTOM BLACK,NEW YORK
418,3700,HONDA,2014,BLUE,NEW YORK
419,0,KIA,2008,SILVER,INDIANA
420,0,AUDI,2005,BLACK,CALIFORNIA
421,0,BMW,2000,GRAY,UTAH
422,5000,GMC,2012,BLACK,UTAH
423,15050,INFINITI,2019,WHITE,TEXAS
424,3960,HYUNDAI,2019,RED,OHIO
425,36300,LINCOLN,2019,BLACK,CALIFORNIA
426,55600,LEXUS,2020,SILVER,FLORIDA
427,2630,NISSAN,2018,GRAY,CALIFORNIA
428,5690,NISSAN,2017,BLUE,NEW JERSEY
429,19500,AUDI,2017,BLUE,TEXAS
430,450,CHEVROLET,2008,YELLOW,MINNESOTA
431,20400,CADILLAC,2015,WHITE,WISCONSIN
432,4320,CHEVROLET,2011,BROWN,FLORIDA
433,33001,FORD,2017,GRAY,MICHIGAN
434,10000,FORD,2017,RED,ARKANSAS
435,0,FORD,2004,RED,MARYLAND
436,5790,GMC,2012,WHITE,UTAH
437,14750,INFINITI,2019,BLACK,TEXAS
438,4010,HYUNDAI,2019,SILVER,OHIO
439,40000,MERCEDES-BENZ,2019,WHITE,CALIFORNIA
440,13000,KIA,2017,SILVER,NEW JERSEY
441,3550,NISSAN,2018,BLUE,CALIFORNIA
442,3040,NISSAN,2017,GRAY,NEW JERSEY
443,0,CHEVROLET,2008,YELLOW,ILLINOIS
444,36400,AUDI,2015,BLACK,WISCONSIN
445,4480,FORD,2011,BLACK,FLORIDA
446,31003,FORD,2017,RED,MICHIGAN
447,75,FORD,2001,GOLD,ARKANSAS
448,8850,GMC,2011,WHITE,UTAH
449,14750,INFINITI,2019,WHITE,TEXAS
450,4690,HYUNDAI,2019,SILVER,OHIO
451,23000,LAND,2018,BLACK,CALIFORNIA
452,46900,LAND,2018,BLACK,FLORIDA
453,10740,MERCEDES-BENZ,2018,WHITE,CALIFORNIA
454,3160,NISSAN,2017,GRAY,NEW JERSEY
455,0,CHEVROLET,2006,SILVER,TEXAS
456,3450,CHRYSLER,2011,GOLD,FLORIDA
457,27102,FORD,2017,RED,MICHIGAN
458,500,GMC,2018,BLACK,ARKANSAS
459,5100,GMC,2011,WHITE,UTAH
460,15010,INFINITI,2019,BEIGE,TEXAS
461,5800,JEEP,2019,SILVER,OHIO
462,23200,LAND,2018,BLACK,CALIFORNIA
463,8000,HYUNDAI,2015,RED,PENNSYLVANIA
464,3390,NISSAN,2018,GRAY,CALIFORNIA
465,3140,NISSAN,2017,WHITE,NEW JERSEY
466,25,CHEVROLET,2007,BLACK,TEXAS
467,15000,BMW,2014,SILVER,ILLINOIS
468,10440,CHEVROLET,2011,BLUE,FLORIDA
469,23911,FORD,2017,BLACK,MICHIGAN
470,25,FORD,2010,GRAY,OKLAHOMA
471,21400,GMC,2018,GRAY,NEW JERSEY
472,5380,GMC,2011,WHITE,UTAH
473,11000,JEEP,2019,RED,MICHIGAN
474,4950,JEEP,2019,SILVER,OHIO
475,22500,LAND,2018,BLACK,CALIFORNIA
476,30300,MASERATI,2017,BLACK,FLORIDA
477,2630,NISSAN,2018,WHITE,CALIFORNIA
478,3140,NISSAN,2017,SILVER,NEW JERSEY
479,2300,CHEVROLET,2011,WHITE,ARKANSAS
480,4310,CHEVROLET,2011,BLACK,FLORIDA
481,26012,FORD,2017,BLACK,MICHIGAN
482,75,FORD,2014,SILVER,OKLAHOMA
483,48500,GMC,2019,BLACK,PENNSYLVANIA
484,3330,GMC,2009,WHITE,UTAH
485,11200,JEEP,2019,YELLOW,MICHIGAN
486,4730,HYUNDAI,2019,RED,OHIO
487,24900,MERCEDES-BENZ,2018,WHITE,CALIFORNIA
488,29400,MERCEDES-BENZ,2017,BLUE,FLORIDA
489,8350,NISSAN,2018,GRAY,CALIFORNIA
490,475,PETERBILT,2012,GOLD,FLORIDA
491,3210,NISSAN,2017,BLACK,NEW JERSEY
492,25,CHEVROLET,2006,WHITE,ARKANSAS
493,4200,CHEVROLET,2006,WHITE,WISCONSIN
494,8430,CHEVROLET,2011,BLACK,FLORIDA
495,25503,FORD,2017,BLACK,MICHIGAN
496,0,FORD,1996,RED,OKLAHOMA
497,26000,GMC,2019,BLACK,PENNSYLVANIA
498,3900,HONDA,2017,BLUE,VIRGINIA
499,11200,JEEP,2019,GRAY,MICHIGAN
500,8610,JEEP,2019,SILVER,OHIO
501,28000,MERCEDES-BENZ,2018,WHITE,CALIFORNIA
502,84900,MERCEDES-BENZ,2017,SILVER,FLORIDA
503,10840,LEXUS,2017,BLACK,CALIFORNIA
504,100,PETERBILT,2012,BLUE,FLORIDA
505,11050,RAM,2017,WHITE,NEW JERSEY
506,0,CHEVROLET,2012,ORANGE,OKLAHOMA
507,1000,CHEVROLET,2005,GRAY,WISCONSIN
508,3570,DODGE,2015,BLACK,GEORGIA
509,25001,FORD,2017,GRAY,MICHIGAN
510,0,FORD,2010,SILVER,OKLAHOMA
511,5630,GMC,2017,BLACK,VIRGINIA
512,11100,JEEP,2019,WHITE,MICHIGAN
513,4650,HYUNDAI,2019,WHITE,OHIO
514,0,LINCOLN,2005,GREEN,MINNESOTA
515,3820,NISSAN,2016,BLUE,CALIFORNIA
516,0,PETERBILT,2009,BLUE,FLORIDA
517,2900,NISSAN,2017,GRAY,NEW JERSEY
518,50,CHEVROLET,2008,BLUE,TEXAS
519,5100,CHEVROLET,2004,GRAY,WISCONSIN
520,4700,DODGE,2015,RED,GEORGIA
521,29502,FORD,2017,RED,MICHIGAN
522,0,FORD,2008,RED,OKLAHOMA
523,6160,HONDA,2017,WHITE,VIRGINIA
524,10910,JEEP,2019,RED,MICHIGAN
525,3440,HYUNDAI,2019,GRAY,OHIO
526,16000,MAZDA,2016,GRAY,FLORIDA
527,3810,KIA,2016,BLACK,CALIFORNIA
528,1025,PETERBILT,2010,COLOR:,GEORGIA
529,3020,NISSAN,2017,WHITE,NEW JERSEY
530,0,CHEVROLET,2003,GRAY,TEXAS
531,2000,CHEVROLET,2003,RED,WISCONSIN
532,3870,FORD,2010,WHITE,FLORIDA
533,24811,FORD,2017,RED,MICHIGAN
534,75,FORD,2007,BLUE,OKLAHOMA
535,5420,HONDA,2017,BLACK,VIRGINIA
536,11100,JEEP,2019,YELLOW,MICHIGAN
537,4750,HYUNDAI,2019,GRAY,OHIO
538,17900,MERCEDES-BENZ,2015,GRAY,FLORIDA
539,3800,NISSAN,2015,BLACK,CALIFORNIA
540,3160,NISSAN,2017,SILVER,NEW JERSEY
541,25,CHEVROLET,2010,WHITE,COLORADO
542,1200,CHEVROLET,2001,RED,WISCONSIN
543,6470,CHEVROLET,2010,YELLOW,FLORIDA
544,26400,FORD,2017,RED,MICHIGAN
545,0,GMC,1993,LIGHT BLUE,COLORADO
546,32500,GMC,2018,BLUE,PENNSYLVANIA
547,6900,HONDA,2017,BROWN,MINNESOTA
548,11030,JEEP,2019,YELLOW,MICHIGAN
549,3460,HYUNDAI,2012,WHITE,MISSISSIPPI
550,18000,MERCEDES-BENZ,2015,BLACK,FLORIDA
551,3250,HYUNDAI,2015,GRAY,CALIFORNIA
552,3210,NISSAN,2017,GRAY,NEW JERSEY
553,13200,CHEVROLET,2017,BLACK,PENNSYLVANIA
554,27705,FORD,2019,GRAY,MICHIGAN
555,7200,CHEVROLET,2017,BLACK,PENNSYLVANIA
556,28714,FORD,2019,WHITE,MICHIGAN
557,11200,CHEVROLET,2017,WHITE,PENNSYLVANIA
558,27502,FORD,2019,GRAY,MICHIGAN
559,11900,CHEVROLET,2017,BLUE,PENNSYLVANIA
560,29314,FORD,2019,GRAY,MICHIGAN
561,11200,CHEVROLET,2017,SILVER,PENNSYLVANIA
562,27002,FORD,2019,GRAY,MICHIGAN
563,13200,CHEVROLET,2017,BLACK,PENNSYLVANIA
564,28214,FORD,2019,WHITE,MICHIGAN
565,12700,CHEVROLET,2017,BLACK,PENNSYLVANIA
566,29900,FORD,2019,WHITE,MICHIGAN
567,12700,CHEVROLET,2017,BLACK,PENNSYLVANIA
568,27202,FORD,2019,RED,MICHIGAN
569,13500,CHEVROLET,2018,WHITE,NEW JERSEY
570,27705,FORD,2019,SILVER,MICHIGAN
571,14700,CHEVROLET,2016,WHITE,PENNSYLVANIA
572,29900,FORD,2019,WHITE,MICHIGAN
573,4500,CHEVROLET,2015,GRAY,PENNSYLVANIA
574,27705,FORD,2019,SILVER,MICHIGAN
575,8000,CHEVROLET,2015,GRAY,PENNSYLVANIA
576,25511,FORD,2019,SILVER,MICHIGAN
577,7700,CHEVROLET,2015,WHITE,PENNSYLVANIA
578,29900,FORD,2019,SILVER,MICHIGAN
579,7200,CHEVROLET,2015,WHITE,PENNSYLVANIA
580,27502,FORD,2019,RED,MICHIGAN
581,4500,CHEVROLET,2013,WHITE,PENNSYLVANIA
582,27402,FORD,2019,WHITE,MICHIGAN
583,1500,CHEVROLET,2013,BLACK,PENNSYLVANIA
584,26602,FORD,2019,WHITE,MICHIGAN
585,10200,CHEVROLET,2019,BLACK,ILLINOIS
586,29900,FORD,2019,BLACK,MICHIGAN
587,14000,CHEVROLET,2019,WHITE,ILLINOIS
588,28500,FORD,2019,SILVER,MICHIGAN
589,8000,CHEVROLET,2016,BLACK,FLORIDA
590,29809,FORD,2019,SILVER,MICHIGAN
591,36900,CHEVROLET,2015,BLACK,FLORIDA
592,26902,FORD,2019,WHITE,MICHIGAN
593,10950,CHEVROLET,2015,RED,FLORIDA
594,27402,FORD,2019,WHITE,MICHIGAN
595,16900,ACURA,2014,SILVER,FLORIDA
596,25600,FORD,2019,SILVER,MICHIGAN
597,29700,BMW,2016,NO_COLOR,TEXAS
598,27702,FORD,2019,RED,MICHIGAN
599,13500,BUICK,2016,RED,TEXAS
600,27102,FORD,2019,WHITE,MICHIGAN
601,27102,FORD,2019,WHITE,MICHIGAN
602,25811,FORD,2019,BLACK,MICHIGAN
603,26602,FORD,2019,WHITE,MICHIGAN
604,27102,FORD,2019,WHITE,MICHIGAN
605,37500,BUICK,2019,GRAY,WISCONSIN
606,26211,FORD,2019,BLUE,MICHIGAN
607,24205,FORD,2019,SILVER,MICHIGAN
608,37500,CADILLAC,2019,BLACK,WISCONSIN
609,27111,FORD,2019,BLACK,MICHIGAN
610,27411,FORD,2019,BLACK,MICHIGAN
611,27302,FORD,2019,BLACK,MICHIGAN
612,27202,FORD,2019,GRAY,MICHIGAN
613,26311,FORD,2019,RED,MICHIGAN
614,26602,FORD,2019,WHITE,MICHIGAN
615,33500,BMW,2017,BLUE,WISCONSIN
616,27511,FORD,2019,WHITE,MICHIGAN
617,21500,BUICK,2017,RED,WISCONSIN
618,27200,FORD,2019,SILVER,MICHIGAN
619,26511,FORD,2019,RED,MICHIGAN
620,24002,FORD,2019,GRAY,MICHIGAN
621,21500,BUICK,2017,SILVER,WISCONSIN
622,18511,FORD,2019,GRAY,MICHIGAN
623,14000,KIA,2017,BLACK,CONNECTICUT
624,29000,BUICK,2017,GREEN,ILLINOIS
625,23402,FORD,2019,GRAY,MICHIGAN
626,13300,KIA,2017,NO_COLOR,CONNECTICUT
627,19700,BMW,2017,BLACK,WISCONSIN
628,23211,FORD,2019,BLACK,MICHIGAN
629,15500,KIA,2017,RED,CONNECTICUT
630,18111,FORD,2019,BLACK,MICHIGAN
631,21500,KIA,2017,GRAY,CONNECTICUT
632,25511,FORD,2019,GRAY,MICHIGAN
633,17700,CHEVROLET,2017,BLUE,WISCONSIN
634,28000,CHEVROLET,2017,WHITE,ILLINOIS
635,14000,CHEVROLET,2017,BLUE,WISCONSIN
636,21700,CHEVROLET,2017,SILVER,WISCONSIN
637,13500,CHEVROLET,2017,WHITE,WISCONSIN
638,35500,CHEVROLET,2017,NO_COLOR,WISCONSIN
639,29500,CHEVROLET,2017,RED,WISCONSIN
640,25300,CHEVROLET,2017,NO_COLOR,WISCONSIN
641,21500,CHEVROLET,2016,SILVER,NEW JERSEY
642,25900,CHEVROLET,2016,BLUE,WISCONSIN
643,35300,CHEVROLET,2016,BLACK,WISCONSIN
644,13500,CHEVROLET,2016,RED,WISCONSIN
645,62000,CHEVROLET,2016,WHITE,ILLINOIS
646,46000,CHEVROLET,2016,BLACK,ILLINOIS
647,9000,CHEVROLET,2016,GRAY,WISCONSIN
648,25900,CHEVROLET,2016,WHITE,WISCONSIN
649,25800,CHEVROLET,2016,NO_COLOR,WISCONSIN
650,17000,CHEVROLET,2016,GRAY,WISCONSIN
651,12800,CHEVROLET,2016,WHITE,WISCONSIN
652,47400,CHEVROLET,2016,RED,WISCONSIN
653,24400,CHEVROLET,2016,GRAY,WISCONSIN
654,17100,CHEVROLET,2016,WHITE,WISCONSIN
655,7400,CHEVROLET,2015,NO_COLOR,WISCONSIN
656,33100,CHEVROLET,2015,GOLD,WISCONSIN
657,22000,CHEVROLET,2020,GRAY,CALIFORNIA
658,35000,CHEVROLET,2019,NO_COLOR,CALIFORNIA
659,16500,CHEVROLET,2019,SILVER,CALIFORNIA
660,35300,CHEVROLET,2019,SILVER,CALIFORNIA
661,26900,CHEVROLET,2018,BLACK,MISSOURI
662,11600,CHEVROLET,2017,BLACK,CALIFORNIA
663,28100,CHEVROLET,2017,SILVER,CALIFORNIA
664,27700,CHEVROLET,2017,WHITE,CALIFORNIA
665,17700,CHEVROLET,2017,WHITE,CALIFORNIA
666,16600,CHEVROLET,2017,NO_COLOR,CALIFORNIA
667,63200,CHEVROLET,2016,RED,CALIFORNIA
668,36800,CHEVROLET,2015,WHITE,CALIFORNIA
669,19500,CHEVROLET,2018,WHITE,TEXAS
670,38800,CHEVROLET,2019,BLUE,OKLAHOMA
671,37500,CHEVROLET,2019,SILVER,OKLAHOMA
672,35000,CHEVROLET,2019,GRAY,OKLAHOMA
673,31100,CHEVROLET,2019,GRAY,OKLAHOMA
674,22600,CHEVROLET,2019,WHITE,OKLAHOMA
675,22400,CHEVROLET,2019,WHITE,OKLAHOMA
676,22700,CHEVROLET,2019,WHITE,OKLAHOMA
677,13700,CHEVROLET,2019,SILVER,OKLAHOMA
678,37100,CHEVROLET,2019,BLACK,OKLAHOMA
679,18500,CHEVROLET,2018,GREEN,OREGON
680,18300,CHEVROLET,2017,WHITE,OREGON
681,19000,CHEVROLET,2017,WHITE,OREGON
682,18500,CHEVROLET,2017,WHITE,OREGON
683,22500,CHEVROLET,2016,WHITE,OREGON
684,14500,CHEVROLET,2014,WHITE,OREGON
685,32800,CHEVROLET,2018,GRAY,OKLAHOMA
686,12300,CHEVROLET,2018,BLACK,OKLAHOMA
687,19600,CHEVROLET,2018,GRAY,OKLAHOMA
688,13600,CHEVROLET,2018,WHITE,OKLAHOMA
689,7200,CHEVROLET,2018,RED,OKLAHOMA
690,19900,CHEVROLET,2018,WHITE,OKLAHOMA
691,13000,CHEVROLET,2018,GRAY,OKLAHOMA
692,19700,CHEVROLET,2016,WHITE,OKLAHOMA
693,9400,CHEVROLET,2017,BLUE,OKLAHOMA
694,23800,CHEVROLET,2017,WHITE,OKLAHOMA
695,17700,CHEVROLET,2019,WHITE,NEW YORK
696,17000,CHEVROLET,2015,WHITE,OKLAHOMA
697,14000,CHEVROLET,2014,RED,FLORIDA
698,32100,CHEVROLET,2018,WHITE,PENNSYLVANIA
699,33100,CHEVROLET,2019,WHITE,PENNSYLVANIA
700,31600,CHEVROLET,2018,WHITE,PENNSYLVANIA
701,5100,CHEVROLET,2013,GRAY,PENNSYLVANIA
702,4100,CHEVROLET,2013,BLUE,PENNSYLVANIA
703,7200,CHEVROLET,2014,SILVER,TEXAS
704,12800,CHEVROLET,2014,WHITE,TEXAS
705,46800,CHEVROLET,2019,GRAY,NEBRASKA
706,21800,CHEVROLET,2019,WHITE,MISSOURI
707,3000,CHEVROLET,2013,GRAY,TEXAS
708,22500,CHEVROLET,2017,RED,INDIANA
709,35300,CHEVROLET,2018,BLACK,MISSOURI
710,16500,CHEVROLET,2017,BLACK,OKLAHOMA
711,33000,CHEVROLET,2017,BLACK,MISSOURI
712,31500,CHEVROLET,2017,BLACK,MISSOURI
713,34500,CHEVROLET,2017,SILVER,MISSOURI
714,8000,CHEVROLET,2016,SILVER,WEST VIRGINIA
715,25000,CHEVROLET,2017,WHITE,WEST VIRGINIA
716,10700,CHEVROLET,2016,RED,WEST VIRGINIA
717,13400,CHEVROLET,2016,SILVER,WEST VIRGINIA
718,16500,CHEVROLET,2019,GOLD,WEST VIRGINIA
719,34000,CHEVROLET,2019,WHITE,WEST VIRGINIA
720,14100,CHEVROLET,2018,WHITE,WEST VIRGINIA
721,38600,CHEVROLET,2019,BLACK,WEST VIRGINIA
722,9100,CHEVROLET,2016,BLUE,MISSOURI
723,8600,CHEVROLET,2016,BLUE,MISSOURI
724,22000,CHEVROLET,2016,WHITE,OKLAHOMA
725,8900,CHEVROLET,2015,WHITE,WEST VIRGINIA
726,15500,CHEVROLET,2015,RED,WEST VIRGINIA
727,3300,CHEVROLET,2015,SILVER,WEST VIRGINIA
728,29000,CHEVROLET,2015,BROWN,MISSOURI
729,17300,CHEVROLET,2020,BLACK,NEVADA
730,30500,CHEVROLET,2020,SILVER,NEVADA
731,25000,CHEVROLET,2020,SILVER,NEVADA
732,2800,CHEVROLET,2012,WHITE,ILLINOIS
733,3300,CHEVROLET,2012,NO_COLOR,ILLINOIS
734,36400,CHEVROLET,2019,SILVER,NEVADA
735,34800,CHEVROLET,2019,SILVER,NEVADA
736,20700,CHEVROLET,2019,WHITE,NEVADA
737,32200,CHEVROLET,2019,SILVER,NEVADA
738,35300,CHEVROLET,2019,BLACK,NEVADA
739,33500,CHEVROLET,2019,WHITE,NEVADA
740,13700,CHEVROLET,2019,BLUE,NEVADA
741,15900,CHEVROLET,2019,BLACK,NEVADA
742,33200,CHEVROLET,2019,BLACK,NEVADA
743,35500,CHEVROLET,2019,SILVER,NEVADA
744,29800,CHEVROLET,2018,SILVER,NEVADA
745,29800,CHEVROLET,2018,GRAY,NEVADA
746,29500,CHEVROLET,2018,SILVER,NEVADA
747,30300,CHEVROLET,2018,WHITE,NEVADA
748,24300,CHEVROLET,2018,BLACK,NEW YORK
749,29800,CHEVROLET,2017,SILVER,NEVADA
750,29800,CHEVROLET,2017,WHITE,NEVADA
751,27500,CHEVROLET,2016,WHITE,NEVADA
752,10800,CHEVROLET,2017,GRAY,NEW JERSEY
753,11500,CHEVROLET,2017,WHITE,NEW JERSEY
754,10400,CHEVROLET,2017,WHITE,NEW JERSEY
755,11400,CHEVROLET,2018,WHITE,FLORIDA
756,11400,CHEVROLET,2018,WHITE,FLORIDA
757,8000,CHEVROLET,2015,WHITE,NEVADA
758,3000,CHEVROLET,2012,WHITE,CALIFORNIA
759,25000,CHEVROLET,2015,BLACK,NEVADA
760,12300,CHEVROLET,2017,GRAY,NEW YORK
761,14100,CHEVROLET,2017,WHITE,NEW YORK
762,9000,CHEVROLET,2014,WHITE,NEVADA
763,4200,CHEVROLET,2014,BLACK,NEVADA
764,22500,CHEVROLET,2019,WHITE,TEXAS
765,22600,CHEVROLET,2019,WHITE,TEXAS
766,22600,CHEVROLET,2019,WHITE,TEXAS
767,22500,CHEVROLET,2019,WHITE,TEXAS
768,10200,CHEVROLET,2018,WHITE,TEXAS
769,42700,CHEVROLET,2016,WHITE,TEXAS
770,21200,CHEVROLET,2015,WHITE,TEXAS
771,22700,CHEVROLET,2016,WHITE,TEXAS
772,22000,CHEVROLET,2015,GRAY,TEXAS
773,9600,CHEVROLET,2014,WHITE,TEXAS
774,10500,CHEVROLET,2013,SILVER,TEXAS
775,6700,CHEVROLET,2013,WHITE,TEXAS
776,14200,CHEVROLET,2013,BLACK,TEXAS
777,15500,CHEVROLET,2019,WHITE,FLORIDA
778,35100,CHEVROLET,2018,BLUE,KANSAS
779,26300,CHEVROLET,2018,GRAY,KANSAS
780,15700,CHEVROLET,2016,WHITE,NEW JERSEY
781,17600,CHEVROLET,2016,WHITE,NEW JERSEY
782,18600,CHEVROLET,2016,WHITE,NEW JERSEY
783,19100,CHEVROLET,2016,WHITE,NEW JERSEY
784,15200,CHEVROLET,2019,BLACK,NORTH CAROLINA
785,16100,CHEVROLET,2019,WHITE,NORTH CAROLINA
786,14800,CHEVROLET,2019,CHARCOAL,NORTH CAROLINA
787,16700,CHEVROLET,2019,CHARCOAL,NORTH CAROLINA
788,15300,CHEVROLET,2019,CHARCOAL,NORTH CAROLINA
789,16500,CHEVROLET,2019,CHARCOAL,NORTH CAROLINA
790,19600,CHEVROLET,2019,WHITE,NORTH CAROLINA
791,15200,CHEVROLET,2019,RED,NORTH CAROLINA
792,15000,CHEVROLET,2019,SILVER,NORTH CAROLINA
793,15500,CHEVROLET,2019,CHARCOAL,NORTH CAROLINA
794,15700,CHEVROLET,2019,SILVER,NORTH CAROLINA
795,14800,CHEVROLET,2019,CHARCOAL,NORTH CAROLINA
796,9200,CHEVROLET,2017,RED,NORTH CAROLINA
797,8200,CHEVROLET,2017,BLACK,NORTH CAROLINA
798,11400,CHEVROLET,2013,SILVER,NEW JERSEY
799,6500,CHEVROLET,2015,WHITE,NORTH CAROLINA
800,11500,CHEVROLET,2014,GRAY,NORTH CAROLINA
801,23800,CHEVROLET,2015,BLACK,FLORIDA
802,8900,CHEVROLET,2014,WHITE,FLORIDA
803,28300,CHEVROLET,2019,RED,INDIANA
804,27300,CHEVROLET,2019,BLACK,INDIANA
805,3500,CHEVROLET,2013,GRAY,NEW JERSEY
806,28300,CHEVROLET,2020,SILVER,INDIANA
807,18300,CHEVROLET,2019,SILVER,INDIANA
808,22500,DODGE,2018,SILVER,WISCONSIN
809,22500,DODGE,2018,GRAY,WISCONSIN
810,8300,DODGE,2012,GRAY,WISCONSIN
811,16500,DODGE,2019,GRAY,NEBRASKA
812,14500,DODGE,2019,SILVER,NEBRASKA
813,30000,DODGE,2019,WHITE,ONTARIO
814,30000,DODGE,2019,ORANGE,ONTARIO
815,30000,DODGE,2019,WHITE,ONTARIO
816,30000,DODGE,2019,WHITE,ONTARIO
817,30000,DODGE,2019,WHITE,ONTARIO
818,29500,DODGE,2019,RED,ONTARIO
819,21600,DODGE,2019,WHITE,WASHINGTON
820,22600,DODGE,2019,BLACK,WASHINGTON
821,16300,DODGE,2019,GRAY,WASHINGTON
822,8600,DODGE,2012,BLUE,WASHINGTON
823,28800,DODGE,2019,NO_COLOR,TEXAS
824,22100,DODGE,2019,GRAY,TEXAS
825,14300,DODGE,2018,GRAY,NORTH CAROLINA
826,13700,DODGE,2018,WHITE,NORTH CAROLINA
827,29500,DODGE,2017,NO_COLOR,ARIZONA
828,18500,DODGE,2017,GRAY,TEXAS
829,19000,DODGE,2016,BLUE,COLORADO
830,43400,DODGE,2015,WHITE,ARIZONA
831,46000,DODGE,2015,NO_COLOR,ARIZONA
832,12500,DODGE,2018,SILVER,TEXAS
833,13900,DODGE,2017,BLACK,FLORIDA
834,13000,DODGE,2018,WHITE,CALIFORNIA
835,13000,DODGE,2018,WHITE,CALIFORNIA
836,3000,DODGE,2013,WHITE,TEXAS
837,17500,DODGE,2019,BLACK,FLORIDA
838,7900,DODGE,2017,GRAY,CALIFORNIA
839,8900,DODGE,2014,BLUE,FLORIDA
840,11500,DODGE,2018,NO_COLOR,PENNSYLVANIA
841,6500,DODGE,2017,BLACK,PENNSYLVANIA
842,8000,DODGE,2017,BLACK,PENNSYLVANIA
843,18700,DODGE,2018,GRAY,NEW JERSEY
844,8350,DODGE,2017,WHITE,FLORIDA
845,27900,DODGE,2017,ORANGE,FLORIDA
846,14500,DODGE,2016,WHITE,PENNSYLVANIA
847,6200,DODGE,2016,SILVER,PENNSYLVANIA
848,7500,DODGE,2012,GRAY,PENNSYLVANIA
849,20200,DODGE,2019,BLACK,ILLINOIS
850,29300,DODGE,2019,SILVER,ILLINOIS
851,31000,DODGE,2019,BLACK,ILLINOIS
852,32400,DODGE,2019,WHITE,ILLINOIS
853,5800,DODGE,2012,WHITE,MINNESOTA
854,21500,DODGE,2019,BLACK,TEXAS
855,23100,DODGE,2018,SILVER,MICHIGAN
856,4500,DODGE,2014,GRAY,TEXAS
857,24800,DODGE,2018,SILVER,MICHIGAN
858,23000,DODGE,2018,GRAY,MICHIGAN
859,26900,DODGE,2019,GRAY,WISCONSIN
860,21500,DODGE,2018,GRAY,WISCONSIN
861,15700,DODGE,2018,WHITE,WISCONSIN
862,15200,DODGE,2018,SILVER,WISCONSIN
863,23300,DODGE,2018,BLUE,WISCONSIN
864,6100,DODGE,2015,WHITE,MINNESOTA
865,20000,DODGE,2017,GREEN,WISCONSIN
866,53000,DODGE,2017,NO_COLOR,ILLINOIS
867,3000,DODGE,2013,ORANGE,MINNESOTA
868,18200,DODGE,2016,BLACK,NEW JERSEY
869,21800,DODGE,2019,GRAY,ARIZONA
870,52000,DODGE,2016,BLUE,ILLINOIS
871,19000,DODGE,2019,BLACK,ARIZONA
872,25000,DODGE,2016,NO_COLOR,ILLINOIS
873,36000,DODGE,2016,RED,ILLINOIS
874,17000,DODGE,2019,WHITE,GEORGIA
875,25300,DODGE,2015,RED,WISCONSIN
876,14900,DODGE,2017,GRAY,WISCONSIN
877,15000,DODGE,2017,NO_COLOR,WISCONSIN
878,12995,DODGE,2014,GRAY,MASSACHUSETTS
879,17750,DODGE,2014,BLACK,MASSACHUSETTS
880,10295,DODGE,2014,BLACK,PENNSYLVANIA
881,16995,DODGE,2014,GRAY,CONNECTICUT
882,25000,DODGE,2014,TOREADOR RED,NEW YORK
883,23995,DODGE,2014,BRIGHT WHITE CLEARCOAT,RHODE ISLAND
884,14900,DODGE,2014,BILLET SILVER METALLIC CLEARCOAT,NEW JERSEY
885,15810,DODGE,2014,BLACK CLEARCOAT,NEW YORK
886,20227,DODGE,2014,JAZZ BLUE PEARLCOAT,NEW YORK
887,20999,DODGE,2014,SILVER,NEW YORK
888,22499,DODGE,2014,BRIGHT WHITE CLEARCOAT,NEW JERSEY
889,23495,DODGE,2014,BLACK CLEARCOAT,NEW YORK
890,25250,DODGE,2014,BILLET SILVER METALLIC CLEARCOAT,NEW YORK
891,15322,DODGE,2014,BILLET SILVER METALLIC CLEARCOAT,NEW JERSEY
892,21232,DODGE,2019,GRAY,TEXAS
893,5800,DODGE,2013,WHITE,WISCONSIN
894,29000,DODGE,2012,BLACK,ILLINOIS
895,17000,DODGE,2018,GRAY,NEW JERSEY
896,13800,DODGE,2018,RED,FLORIDA
897,30000,DODGE,2019,GRAY,MISSOURI
898,14800,DODGE,2017,GRAY,FLORIDA
899,8500,DODGE,2017,BLACK,MISSOURI
900,9800,DODGE,2013,WHITE,MISSOURI
901,4200,DODGE,2014,GRAY,NEVADA
902,2500,DODGE,2013,RED,TENNESSEE
903,28700,DODGE,2018,BLUE,CALIFORNIA
904,18500,DODGE,2018,GRAY,CALIFORNIA
905,17300,DODGE,2018,NO_COLOR,CALIFORNIA
906,7100,DODGE,2016,GRAY,LOUISIANA
907,3250,DODGE,2015,WHITE,MINNESOTA
908,30700,DODGE,2017,NO_COLOR,CALIFORNIA
909,3000,DODGE,2012,GRAY,MISSOURI
910,26500,DODGE,2019,GRAY,CALIFORNIA
911,20800,DODGE,2019,GRAY,CALIFORNIA
912,20800,DODGE,2019,GRAY,CALIFORNIA
913,5100,DODGE,2015,WHITE,CALIFORNIA
914,18900,DODGE,2019,BLACK,CALIFORNIA
915,24000,DODGE,2019,SILVER,CALIFORNIA
916,38800,DODGE,2015,WHITE,CALIFORNIA
917,24500,DODGE,2019,WHITE,CALIFORNIA
918,24500,DODGE,2019,BLACK,CALIFORNIA
919,6500,DODGE,2016,BLUE,NEW JERSEY
920,24000,DODGE,2019,GRAY,CALIFORNIA
921,18000,DODGE,2014,NO_COLOR,CALIFORNIA
922,24000,DODGE,2019,WHITE,CALIFORNIA
923,23500,DODGE,2019,SILVER,CALIFORNIA
924,4500,DODGE,2014,WHITE,CALIFORNIA
925,25900,DODGE,2019,SILVER,CALIFORNIA
926,13900,DODGE,2019,GRAY,CALIFORNIA
927,14200,DODGE,2019,SILVER,CALIFORNIA
928,15400,DODGE,2019,BLUE,CALIFORNIA
929,17500,DODGE,2019,GRAY,TEXAS
930,17500,DODGE,2019,WHITE,TEXAS
931,18000,DODGE,2019,WHITE,TEXAS
932,25200,DODGE,2012,GRAY,NEW JERSEY
933,14100,DODGE,2018,BLACK,TEXAS
934,13300,DODGE,2018,WHITE,CALIFORNIA
935,16200,DODGE,2019,BLACK,OKLAHOMA
936,13300,DODGE,2018,GRAY,CALIFORNIA
937,13100,DODGE,2018,SILVER,CALIFORNIA
938,15500,DODGE,2017,SILVER,CALIFORNIA
939,4500,DODGE,2013,WHITE,CALIFORNIA
940,28400,DODGE,2019,GRAY,COLORADO
941,17400,DODGE,2019,GRAY,COLORADO
942,6000,DODGE,2014,SILVER,FLORIDA
943,20700,DODGE,2019,GRAY,VIRGINIA
944,20300,DODGE,2019,BLACK,VIRGINIA
945,14000,DODGE,2018,BLACK,OKLAHOMA
946,22000,DODGE,2019,GREEN,VIRGINIA
947,17200,DODGE,2019,BLUE,VIRGINIA
948,15000,DODGE,2016,BLUE,OKLAHOMA
949,17500,DODGE,2019,GRAY,VIRGINIA
950,1300,DODGE,2013,GRAY,MICHIGAN
951,1750,DODGE,2014,RED,NEVADA
952,16300,DODGE,2019,RED,FLORIDA
953,15700,DODGE,2019,RED,FLORIDA
954,10000,DODGE,2017,SILVER,FLORIDA
955,23100,DODGE,2019,WHITE,FLORIDA
956,14900,DODGE,2019,RED,FLORIDA
957,16700,DODGE,2019,ORANGE,VIRGINIA
958,16300,DODGE,2019,WHITE,FLORIDA
959,25800,DODGE,2019,RED,NORTH CAROLINA
960,23800,DODGE,2019,BLACK,NORTH CAROLINA
961,16800,DODGE,2019,RED,NORTH CAROLINA
962,15500,DODGE,2019,WHITE,NORTH CAROLINA
963,6000,DODGE,2014,BLUE,FLORIDA
964,26900,DODGE,2019,WHITE,ARIZONA
965,16900,DODGE,2019,WHITE,ARIZONA
966,19500,DODGE,2019,GRAY,ARIZONA
967,15400,DODGE,2019,BLACK,ARIZONA
968,2300,DODGE,2012,WHITE,TEXAS
969,17000,DODGE,2019,RED,CALIFORNIA
970,34000,DODGE,2019,BLACK,NEW JERSEY
971,13700,DODGE,2017,BLACK,PENNSYLVANIA
972,19100,DODGE,2018,WHITE,WEST VIRGINIA
973,11800,DODGE,2018,WHITE,WEST VIRGINIA
974,27500,DODGE,2019,GRAY,NEVADA
975,26900,DODGE,2019,BLACK,NEVADA
976,27100,DODGE,2019,WHITE,NEVADA
977,27200,DODGE,2019,WHITE,NEVADA
978,9000,DODGE,2017,SILVER,FLORIDA
979,22500,DODGE,2019,GRAY,SOUTH CAROLINA
980,7700,DODGE,2015,WHITE,WEST VIRGINIA
981,4500,DODGE,2013,WHITE,FLORIDA
982,2200,DODGE,2013,GRAY,ILLINOIS
983,21500,DODGE,2019,BLACK,PENNSYLVANIA
984,18800,DODGE,2019,ORANGE,PENNSYLVANIA
985,21800,DODGE,2019,RED,PENNSYLVANIA
986,20300,DODGE,2019,BLACK,PENNSYLVANIA
987,8200,DODGE,2016,WHITE,SOUTH CAROLINA
988,19000,DODGE,2019,RED,PENNSYLVANIA
989,8400,DODGE,2016,BLUE,SOUTH CAROLINA
990,19500,DODGE,2019,BLUE,PENNSYLVANIA
991,7000,DODGE,2015,BLUE,SOUTH CAROLINA
992,19500,DODGE,2019,GRAY,PENNSYLVANIA
993,8500,DODGE,2014,BLUE,MISSOURI
994,20500,DODGE,2019,GRAY,PENNSYLVANIA
995,4900,DODGE,2014,SILVER,SOUTH CAROLINA
996,20800,DODGE,2014,BLACK,MISSOURI
997,28500,DODGE,2019,SILVER,PENNSYLVANIA
998,21900,DODGE,2019,SILVER,PENNSYLVANIA
999,15800,DODGE,2019,BLACK,NEVADA
1000,33000,DODGE,2019,WHITE,COLORADO
1001,22700,DODGE,2019,BLACK,NEVADA
1002,21900,DODGE,2019,WHITE,PENNSYLVANIA
1003,19300,DODGE,2019,RED,PENNSYLVANIA
1004,30700,DODGE,2019,BLACK,NEVADA
1005,19300,DODGE,2019,BLACK,PENNSYLVANIA
1006,13750,DODGE,2014,WHITE,CALIFORNIA
1007,16400,DODGE,2019,SILVER,NEVADA
1008,19500,DODGE,2019,BLACK,PENNSYLVANIA
1009,15100,DODGE,2019,WHITE,NEVADA
1010,28500,DODGE,2019,BLACK,PENNSYLVANIA
1011,15300,DODGE,2019,WHITE,NEVADA
1012,20300,DODGE,2019,WHITE,PENNSYLVANIA
1013,22000,DODGE,2019,GRAY,PENNSYLVANIA
1014,16700,DODGE,2019,GRAY,NEVADA
1015,19300,DODGE,2019,BLACK,PENNSYLVANIA
1016,34100,DODGE,2019,GRAY,MICHIGAN
1017,14600,DODGE,2019,SILVER,NEVADA
1018,18200,DODGE,2019,RED,PENNSYLVANIA
1019,33800,DODGE,2019,BLACK,MICHIGAN
1020,15900,DODGE,2019,BLACK,NEVADA
1021,16500,DODGE,2019,BLACK,PENNSYLVANIA
1022,29600,DODGE,2019,SILVER,MICHIGAN
1023,14100,DODGE,2019,BLACK,NEVADA
1024,18200,DODGE,2019,WHITE,PENNSYLVANIA
1025,18200,DODGE,2019,BLACK,PENNSYLVANIA
1026,24300,DODGE,2019,BLACK,MICHIGAN
1027,15400,DODGE,2019,WHITE,NEVADA
1028,19000,DODGE,2019,WHITE,PENNSYLVANIA
1029,19000,DODGE,2019,BLACK,PENNSYLVANIA
1030,27800,DODGE,2017,GRAY,GEORGIA
1031,18200,DODGE,2019,BLUE,PENNSYLVANIA
1032,15000,DODGE,2018,WHITE,PENNSYLVANIA
1033,19200,DODGE,2017,GRAY,MICHIGAN
1034,15500,DODGE,2018,RED,PENNSYLVANIA
1035,24900,DODGE,2017,GREEN,MICHIGAN
1036,15500,DODGE,2018,RED,PENNSYLVANIA
1037,7600,DODGE,2012,WHITE,TEXAS
1038,18400,DODGE,2017,BLACK,MICHIGAN
1039,14700,DODGE,2018,WHITE,FLORIDA
1040,3900,DODGE,2015,WHITE,FLORIDA
1041,5200,DODGE,2015,BLACK,FLORIDA
1042,17200,DODGE,2019,SILVER,MINNESOTA
1043,18700,DODGE,2019,RED,MINNESOTA
1044,32000,DODGE,2019,RED,MINNESOTA
1045,14500,DODGE,2015,WHITE,MICHIGAN
1046,19400,DODGE,2019,BLACK,MINNESOTA
1047,17300,DODGE,2019,BLACK,MINNESOTA
1048,16700,DODGE,2019,ORANGE,MINNESOTA
1049,19100,DODGE,2019,WHITE,MINNESOTA
1050,11100,DODGE,2013,BLACK,ILLINOIS
1051,32000,DODGE,2019,BLACK,MINNESOTA
1052,16900,DODGE,2019,SILVER,MINNESOTA
1053,18000,DODGE,2017,BLUE,MASSACHUSETTS
1054,17800,DODGE,2019,WHITE,MINNESOTA
1055,18000,DODGE,2019,WHITE,MINNESOTA
1056,17500,DODGE,2019,WHITE,MINNESOTA
1057,14500,DODGE,2018,SILVER,NEVADA
1058,18500,DODGE,2019,SILVER,MINNESOTA
1059,18600,DODGE,2019,SILVER,MINNESOTA
1060,32000,DODGE,2019,RED,MINNESOTA
1061,17000,DODGE,2019,BLACK,MINNESOTA
1062,16000,DODGE,2019,WHITE,MINNESOTA
1063,18000,DODGE,2019,WHITE,MINNESOTA
1064,15900,DODGE,2020,ORANGE,PENNSYLVANIA
1065,6200,DODGE,2016,SILVER,ALABAMA
1066,3700,DODGE,2013,BLACK,ALABAMA
1067,24000,DODGE,2012,WHITE,MISSISSIPPI
1068,20800,DODGE,2013,GOLD,NEVADA
1069,18500,DODGE,2012,WHITE,MISSISSIPPI
1070,18300,DODGE,2019,BLACK,PENNSYLVANIA
1071,21000,DODGE,2019,GRAY,PENNSYLVANIA
1072,1300,DODGE,2013,WHITE,TENNESSEE
1073,11900,DODGE,2019,GRAY,PENNSYLVANIA
1074,950,DODGE,2012,WHITE,MARYLAND
1075,26800,DODGE,2019,GRAY,PENNSYLVANIA
1076,800,DODGE,2012,ORANGE,NORTH CAROLINA
1077,21000,DODGE,2019,WHITE,PENNSYLVANIA
1078,1900,DODGE,2012,ORANGE,GEORGIA
1079,33500,DODGE,2019,WHITE,PENNSYLVANIA
1080,900,DODGE,2013,BLUE,CONNECTICUT
1081,21000,DODGE,2019,GRAY,PENNSYLVANIA
1082,26800,DODGE,2019,SILVER,PENNSYLVANIA
1083,5700,DODGE,2016,BLUE,TEXAS
1084,18500,DODGE,2019,GREEN,PENNSYLVANIA
1085,33000,DODGE,2019,WHITE,PENNSYLVANIA
1086,11000,DODGE,2019,SILVER,TEXAS
1087,15800,DODGE,2019,BLUE,PENNSYLVANIA
1088,3600,DODGE,2013,WHITE,MICHIGAN
1089,16300,DODGE,2019,WHITE,PENNSYLVANIA
1090,2700,DODGE,2015,WHITE,TEXAS
1091,12800,DODGE,2019,NO_COLOR,PENNSYLVANIA
1092,9700,DODGE,2015,BLACK,TEXAS
1093,18300,DODGE,2019,SILVER,PENNSYLVANIA
1094,16000,DODGE,2019,SILVER,ILLINOIS
1095,21000,DODGE,2019,GRAY,PENNSYLVANIA
1096,3700,DODGE,2014,WHITE,TEXAS
1097,33000,DODGE,2019,GRAY,ILLINOIS
1098,14700,DODGE,2019,SILVER,PENNSYLVANIA
1099,33000,DODGE,2019,SILVER,ILLINOIS
1100,15900,DODGE,2019,WHITE,PENNSYLVANIA
1101,33000,DODGE,2019,GRAY,ILLINOIS
1102,33000,DODGE,2019,GRAY,ILLINOIS
1103,32500,DODGE,2019,BLACK,ILLINOIS
1104,33000,DODGE,2019,SILVER,ILLINOIS
1105,13000,DODGE,2018,BLACK,VIRGINIA
1106,33000,DODGE,2019,WHITE,ILLINOIS
1107,16500,DODGE,2019,RED,ILLINOIS
1108,33000,DODGE,2019,GRAY,ILLINOIS
1109,34500,DODGE,2017,RED,NORTH CAROLINA
1110,33500,DODGE,2019,WHITE,ILLINOIS
1111,48000,DODGE,2018,WHITE,PENNSYLVANIA
1112,54500,DODGE,2019,RED,ILLINOIS
1113,13200,DODGE,2018,SILVER,PENNSYLVANIA
1114,31500,DODGE,2018,WHITE,ILLINOIS
1115,17400,DODGE,2017,RED,ILLINOIS
1116,26000,DODGE,2017,WHITE,ILLINOIS
1117,1700,DODGE,2013,ORANGE,TEXAS
1118,11000,DODGE,2013,WHITE,ILLINOIS
1119,21000,DODGE,2018,GRAY,TEXAS
1120,5500,DODGE,2015,GRAY,TEXAS
1121,7500,DODGE,2014,RED,TEXAS
1122,15800,DODGE,2019,SILVER,MICHIGAN
1123,16900,DODGE,2019,RED,MICHIGAN
1124,25000,DODGE,2019,WHITE,MICHIGAN
1125,18000,DODGE,2019,BLACK,MASSACHUSETTS
1126,15600,DODGE,2019,BLACK,MICHIGAN
1127,23800,DODGE,2019,WHITE,NORTH CAROLINA
1128,16800,DODGE,2019,BLACK,MICHIGAN
1129,22700,DODGE,2019,WHITE,NORTH CAROLINA
1130,23300,DODGE,2019,RED,NORTH CAROLINA
1131,23500,DODGE,2019,WHITE,NORTH CAROLINA
1132,25500,DODGE,2019,SILVER,NORTH CAROLINA
1133,21800,DODGE,2019,WHITE,NORTH CAROLINA
1134,22800,DODGE,2019,GRAY,NORTH CAROLINA
1135,18200,DODGE,2019,RED,MICHIGAN
1136,23500,DODGE,2019,RED,NORTH CAROLINA
1137,25700,DODGE,2019,CHARCOAL,NORTH CAROLINA
1138,15700,DODGE,2019,WHITE,NORTH CAROLINA
1139,17500,DODGE,2018,SILVER,MICHIGAN
1140,15700,DODGE,2019,WHITE,NORTH CAROLINA
1141,16500,DODGE,2018,WHITE,INDIANA
1142,16100,DODGE,2019,RED,NORTH CAROLINA
1143,15600,DODGE,2019,CHARCOAL,NORTH CAROLINA
1144,15400,DODGE,2019,GRAY,NORTH CAROLINA
1145,28200,DODGE,2017,WHITE,MICHIGAN
1146,15300,DODGE,2019,NO_COLOR,NORTH CAROLINA
1147,15900,DODGE,2019,RED,NORTH CAROLINA
1148,17700,DODGE,2016,GRAY,INDIANA
1149,15800,DODGE,2019,WHITE,NORTH CAROLINA
1150,15900,DODGE,2019,CHARCOAL,NORTH CAROLINA
1151,25300,DODGE,2019,RED,NEW MEXICO
1152,16300,DODGE,2019,SILVER,NORTH CAROLINA
1153,29500,DODGE,2019,GRAY,NEW MEXICO
1154,14500,DODGE,2019,GRAY,NORTH CAROLINA
1155,15400,DODGE,2019,NO_COLOR,NORTH CAROLINA
1156,15400,DODGE,2019,CHARCOAL,NORTH CAROLINA
1157,15100,DODGE,2019,PURPLE,NORTH CAROLINA
1158,15000,DODGE,2019,BLACK,NORTH CAROLINA
1159,15500,DODGE,2019,GRAY,NORTH CAROLINA
1160,15000,DODGE,2019,NO_COLOR,NORTH CAROLINA
1161,15200,DODGE,2019,NO_COLOR,NORTH CAROLINA
1162,15700,DODGE,2019,WHITE,NORTH CAROLINA
1163,16100,DODGE,2019,SILVER,NORTH CAROLINA
1164,16300,DODGE,2018,SILVER,TEXAS
1165,16000,DODGE,2019,WHITE,NORTH CAROLINA
1166,16900,DODGE,2019,SILVER,NORTH CAROLINA
1167,17000,DODGE,2019,CHARCOAL,NORTH CAROLINA
1168,17300,DODGE,2019,SILVER,NORTH CAROLINA
1169,15900,DODGE,2019,GRAY,NORTH CAROLINA
1170,15700,DODGE,2019,SILVER,NORTH CAROLINA
1171,16900,DODGE,2019,WHITE,NORTH CAROLINA
1172,15500,DODGE,2019,WHITE,NORTH CAROLINA
1173,15100,DODGE,2019,SILVER,NORTH CAROLINA
1174,15500,DODGE,2019,WHITE,NORTH CAROLINA
1175,15400,DODGE,2019,RED,NORTH CAROLINA
1176,16500,DODGE,2019,SILVER,NORTH CAROLINA
1177,42500,DODGE,2015,BLACK,TEXAS
1178,16600,DODGE,2019,CHARCOAL,NORTH CAROLINA
1179,15200,DODGE,2019,SILVER,NORTH CAROLINA
1180,15800,DODGE,2019,CHARCOAL,NORTH CAROLINA
1181,16900,DODGE,2019,CHARCOAL,NORTH CAROLINA
1182,11100,DODGE,2017,GRAY,NORTH CAROLINA
1183,15600,DODGE,2019,CHARCOAL,NORTH CAROLINA
1184,16900,DODGE,2019,SILVER,NORTH CAROLINA
1185,15300,DODGE,2019,SILVER,NORTH CAROLINA
1186,16600,DODGE,2019,BLACK,NORTH CAROLINA
1187,21800,DODGE,2017,BLACK,PENNSYLVANIA
1188,36500,DODGE,2018,WHITE,VIRGINIA
1189,26300,DODGE,2019,RED,GEORGIA
1190,20900,DODGE,2019,RED,GEORGIA
1191,20100,DODGE,2019,GRAY,GEORGIA
1192,26700,DODGE,2019,GRAY,GEORGIA
1193,23900,DODGE,2019,WHITE,GEORGIA
1194,14500,DODGE,2018,NO_COLOR,FLORIDA
1195,23000,DODGE,2017,GRAY,VIRGINIA
1196,15000,DODGE,2018,RED,NORTH CAROLINA
1197,15000,DODGE,2018,WHITE,NORTH CAROLINA
1198,28500,FORD,2017,WHITE,TEXAS
1199,28000,FORD,2017,WHITE,TEXAS
1200,9000,FORD,2017,GRAY,TEXAS
1201,28700,FORD,2015,RUBY RED METALLIC TINTED CLEARCOAT,CONNECTICUT
1202,25000,FORD,2017,WHITE,TEXAS
1203,17347,FORD,2015,BLACK,MASSACHUSETTS
1204,13800,FORD,2016,WHITE,TEXAS
1205,25888,FORD,2015,BLACK,NEW JERSEY
1206,8500,FORD,2017,BLACK,TENNESSEE
1207,21289,FORD,2015,GRAY,NEW YORK
1208,17999,FORD,2015,TRIPLE YELLOW TRI-COAT,NEW JERSEY
1209,2700,FORD,2012,BLUE,TEXAS
1210,30977,FORD,2015,COMPETITION ORANGE,PENNSYLVANIA
1211,13799,FORD,2015,RED,NEW JERSEY
1212,20500,FORD,2014,WHITE,ARIZONA
1213,8500,FORD,2012,WHITE,TEXAS
1214,9900,FORD,2015,WHITE,FLORIDA
1215,65500,FORD,2019,BLACK,INDIANA
1216,24500,FORD,2018,WHITE,FLORIDA
1217,32500,FORD,2020,SILVER,MISSOURI
1218,9200,FORD,2018,BLUE,PENNSYLVANIA
1219,17700,FORD,2017,SILVER,PENNSYLVANIA
1220,18300,FORD,2020,WHITE,CALIFORNIA
1221,43500,FORD,2019,GRAY,ILLINOIS
1222,15200,FORD,2016,WHITE,PENNSYLVANIA
1223,36200,FORD,2019,NO_COLOR,ILLINOIS
1224,21900,FORD,2018,RED,NEW JERSEY
1225,20700,FORD,2019,WHITE,CALIFORNIA
1226,12300,FORD,2019,GRAY,CALIFORNIA
1227,4200,FORD,2016,BLUE,PENNSYLVANIA
1228,19500,FORD,2019,WHITE,CALIFORNIA
1229,14300,FORD,2020,SILVER,CALIFORNIA
1230,13700,FORD,2016,WHITE,PENNSYLVANIA
1231,13200,FORD,2015,WHITE,PENNSYLVANIA
1232,6200,FORD,2014,WHITE,PENNSYLVANIA
1233,6500,FORD,2015,BLACK,PENNSYLVANIA
1234,1500,FORD,2013,GRAY,PENNSYLVANIA
1235,2200,FORD,2013,BLACK,PENNSYLVANIA
1236,4200,FORD,2013,NO_COLOR,PENNSYLVANIA
1237,8700,FORD,2013,WHITE,PENNSYLVANIA
1238,3200,FORD,2012,BLACK,PENNSYLVANIA
1239,9000,FORD,2012,BLACK,PENNSYLVANIA
1240,20000,FORD,2018,SILVER,ILLINOIS
1241,33000,FORD,2017,WHITE,TEXAS
1242,23300,FORD,2019,WHITE,SOUTH CAROLINA
1243,8750,FORD,2017,WHITE,ILLINOIS
1244,11975,FORD,2012,WHITE,TEXAS
1245,23600,FORD,2019,WHITE,SOUTH CAROLINA
1246,12000,FORD,2016,BLACK,TEXAS
1247,30900,FORD,2018,RED,INDIANA
1248,23900,FORD,2019,WHITE,SOUTH CAROLINA
1249,40400,FORD,2018,BLACK,INDIANA
1250,38000,FORD,2019,WHITE,MINNESOTA
1251,27000,FORD,2019,WHITE,ILLINOIS
1252,24000,FORD,2019,WHITE,SOUTH CAROLINA
1253,30000,FORD,2019,GRAY,WISCONSIN
1254,16200,FORD,2019,WHITE,SOUTH CAROLINA
1255,30000,FORD,2019,GRAY,WISCONSIN
1256,23900,FORD,2019,WHITE,SOUTH CAROLINA
1257,13800,FORD,2018,WHITE,MISSOURI
1258,23700,FORD,2019,WHITE,SOUTH CAROLINA
1259,24300,FORD,2018,GRAY,ILLINOIS
1260,54900,FORD,2019,BLACK,NEVADA
1261,22500,FORD,2018,WHITE,WISCONSIN
1262,39000,FORD,2018,GRAY,ILLINOIS
1263,13900,FORD,2018,GRAY,WISCONSIN
1264,24700,FORD,2018,RED,ILLINOIS
1265,20100,FORD,2018,WHITE,CALIFORNIA
1266,22000,FORD,2018,RED,ILLINOIS
1267,38200,FORD,2019,GREEN,FLORIDA
1268,24400,FORD,2018,WHITE,CALIFORNIA
1269,35000,FORD,2018,BLUE,ILLINOIS
1270,18600,FORD,2019,WHITE,FLORIDA
1271,22700,FORD,2018,WHITE,CALIFORNIA
1272,38000,FORD,2018,BLACK,ILLINOIS
1273,17000,FORD,2014,RED,ILLINOIS
1274,17500,FORD,2017,GRAY,WISCONSIN
1275,23200,FORD,2019,WHITE,MICHIGAN
1276,30700,FORD,2017,RED,WISCONSIN
1277,23500,FORD,2019,WHITE,MICHIGAN
1278,26400,FORD,2017,BLUE,WISCONSIN
1279,23500,FORD,2019,WHITE,MICHIGAN
1280,38000,FORD,2017,WHITE,WISCONSIN
1281,23600,FORD,2019,WHITE,MICHIGAN
1282,19300,FORD,2017,GRAY,WISCONSIN
1283,23200,FORD,2019,WHITE,MICHIGAN
1284,13800,FORD,2017,NO_COLOR,WISCONSIN
1285,23600,FORD,2019,WHITE,MICHIGAN
1286,23200,FORD,2019,WHITE,MICHIGAN
1287,40000,FORD,2017,RED,WISCONSIN
1288,23400,FORD,2019,WHITE,MICHIGAN
1289,23600,FORD,2019,WHITE,MICHIGAN
1290,23000,FORD,2019,WHITE,MICHIGAN
1291,25500,FORD,2017,BLACK,WISCONSIN
1292,23500,FORD,2019,WHITE,MICHIGAN
1293,29900,FORD,2017,WHITE,WISCONSIN
1294,23200,FORD,2019,WHITE,MICHIGAN
1295,50500,FORD,2017,SILVER,WISCONSIN
1296,23400,FORD,2019,WHITE,MICHIGAN
1297,24500,FORD,2017,WHITE,WISCONSIN
1298,49000,FORD,2017,BLACK,ILLINOIS
1299,25400,FORD,2017,WHITE,WISCONSIN
1300,23000,FORD,2017,SILVER,ILLINOIS
1301,6000,FORD,2012,GRAY,MINNESOTA
1302,22400,FORD,2016,BLACK,WISCONSIN
1303,22500,FORD,2016,BLACK,WISCONSIN
1304,25200,FORD,2019,GRAY,VIRGINIA
1305,36000,FORD,2016,WHITE,WISCONSIN
1306,26700,FORD,2019,BLACK,VIRGINIA
1307,30500,FORD,2016,GRAY,WISCONSIN
1308,26700,FORD,2019,BLACK,VIRGINIA
1309,25000,FORD,2019,GRAY,VIRGINIA
1310,35200,FORD,2016,WHITE,WISCONSIN
1311,30300,FORD,2019,WHITE,TENNESSEE
1312,25000,FORD,2016,NO_COLOR,ILLINOIS
1313,26500,FORD,2016,RED,WISCONSIN
1314,21600,FORD,2019,GRAY,VIRGINIA
1315,18800,FORD,2016,NO_COLOR,WISCONSIN
1316,21500,FORD,2019,RED,VIRGINIA
1317,9000,FORD,2016,NO_COLOR,NEW JERSEY
1318,16700,FORD,2015,WHITE,WISCONSIN
1319,16800,FORD,2015,WHITE,WISCONSIN
1320,15700,FORD,2015,WHITE,WISCONSIN
1321,16800,FORD,2015,WHITE,WISCONSIN
1322,19500,FORD,2015,GRAY,WISCONSIN
1323,20500,FORD,2015,BLACK,WISCONSIN
1324,17400,FORD,2015,WHITE,WISCONSIN
1325,17500,FORD,2014,RED,WISCONSIN
1326,26000,FORD,2014,SILVER,ILLINOIS
1327,56700,FORD,2019,WHITE,KENTUCKY
1328,5000,FORD,2013,NO_COLOR,WISCONSIN
1329,40200,FORD,2019,NO_COLOR,KENTUCKY
1330,54000,FORD,2013,RED,ILLINOIS
1331,65200,FORD,2019,WHITE,KENTUCKY
1332,32500,FORD,2017,WHITE,MINNESOTA
1333,25500,FORD,2019,WHITE,ILLINOIS
1334,63000,FORD,2019,NO_COLOR,ILLINOIS
1335,44000,FORD,2019,WHITE,ILLINOIS
1336,70000,FORD,2019,NO_COLOR,ILLINOIS
1337,56200,FORD,2019,GRAY,KENTUCKY
1338,35000,FORD,2019,WHITE,WISCONSIN
1339,57700,FORD,2019,RED,KENTUCKY
1340,74000,FORD,2019,NO_COLOR,ILLINOIS
1341,60200,FORD,2019,WHITE,KENTUCKY
1342,60000,FORD,2018,BLACK,ILLINOIS
1343,63000,FORD,2018,BLACK,ILLINOIS
1344,22500,FORD,2014,BLACK,WISCONSIN
1345,8300,FORD,2014,GRAY,WISCONSIN
1346,8300,FORD,2012,WHITE,WISCONSIN
1347,21000,FORD,2013,BROWN,WISCONSIN
1348,19300,FORD,2019,BLACK,MISSISSIPPI
1349,16400,FORD,2019,GRAY,ALABAMA
1350,27300,FORD,2019,GRAY,MISSISSIPPI
1351,26400,FORD,2012,WHITE,WISCONSIN
1352,35100,FORD,2019,RED,MISSISSIPPI
1353,41500,FORD,2018,BLACK,NEW JERSEY
1354,34100,FORD,2019,WHITE,MISSISSIPPI
1355,28600,FORD,2019,NO_COLOR,CALIFORNIA
1356,34100,FORD,2019,RED,MISSISSIPPI
1357,28700,FORD,2019,GRAY,CALIFORNIA
1358,24700,FORD,2019,NO_COLOR,CALIFORNIA
1359,46500,FORD,2019,BLACK,CALIFORNIA
1360,29000,FORD,2019,BLACK,CALIFORNIA
1361,25500,FORD,2019,SILVER,CALIFORNIA
1362,39500,FORD,2019,YELLOW,CALIFORNIA
1363,33100,FORD,2019,YELLOW,CALIFORNIA
1364,30500,FORD,2019,GRAY,CALIFORNIA
1365,3600,FORD,2018,SILVER,ARIZONA
1366,16800,FORD,2019,RED,CALIFORNIA
1367,24000,FORD,2019,GRAY,TEXAS
1368,58500,FORD,2019,GRAY,CALIFORNIA
1369,55000,FORD,2017,BLACK,TEXAS
1370,28800,FORD,2019,SILVER,CALIFORNIA
1371,26800,FORD,2015,WHITE,NEW JERSEY
1372,36000,FORD,2018,GRAY,WISCONSIN
1373,20000,FORD,2018,WHITE,WISCONSIN
1374,46700,FORD,2019,BLACK,ALABAMA
1375,42800,FORD,2019,SILVER,ALABAMA
1376,21800,FORD,2018,NO_COLOR,CALIFORNIA
1377,18800,FORD,2018,WHITE,CALIFORNIA
1378,18800,FORD,2018,BLACK,CALIFORNIA
1379,30200,FORD,2018,RED,CALIFORNIA
1380,27500,FORD,2018,BLACK,CALIFORNIA
1381,37500,FORD,2018,WHITE,CALIFORNIA
1382,19100,FORD,2018,SILVER,CALIFORNIA
1383,17100,FORD,2018,WHITE,CALIFORNIA
1384,13500,FORD,2018,SILVER,FLORIDA
1385,54500,FORD,2018,BLUE,CALIFORNIA
1386,9000,FORD,2018,GRAY,FLORIDA
1387,16400,FORD,2020,BLACK,PENNSYLVANIA
1388,17000,FORD,2020,GRAY,PENNSYLVANIA
1389,24800,FORD,2017,GOLD,CALIFORNIA
1390,26800,FORD,2017,RED,CALIFORNIA
1391,19400,FORD,2017,WHITE,CALIFORNIA
1392,20000,FORD,2017,SILVER,CALIFORNIA
1393,7000,FORD,2012,SILVER,TEXAS
1394,25100,FORD,2017,GOLD,CALIFORNIA
1395,2000,FORD,2013,GRAY,OKLAHOMA
1396,18200,FORD,2020,BLACK,PENNSYLVANIA
1397,14200,FORD,2018,RED,ILLINOIS
1398,56500,FORD,2017,RED,CALIFORNIA
1399,2000,FORD,2016,GRAY,OKLAHOMA
1400,26500,FORD,2020,WHITE,PENNSYLVANIA
1401,34300,FORD,2019,WHITE,FLORIDA
1402,43500,FORD,2017,BLACK,CALIFORNIA
1403,3500,FORD,2016,WHITE,OKLAHOMA
1404,37200,FORD,2019,WHITE,FLORIDA
1405,12800,FORD,2017,ORANGE,CALIFORNIA
1406,15000,FORD,2013,SILVER,TEXAS
1407,12500,FORD,2017,SILVER,CALIFORNIA
1408,21500,FORD,2017,GRAY,CALIFORNIA
1409,17300,FORD,2019,WHITE,NORTH CAROLINA
1410,27000,FORD,2017,SILVER,CALIFORNIA
1411,31800,FORD,2017,WHITE,FLORIDA
1412,13000,FORD,2017,GRAY,CALIFORNIA
1413,31800,FORD,2017,SILVER,FLORIDA
1414,46300,FORD,2016,BLACK,CALIFORNIA
1415,6000,FORD,2015,GRAY,MISSOURI
1416,22800,FORD,2016,SILVER,CALIFORNIA
1417,45000,FORD,2019,WHITE,PENNSYLVANIA
1418,49500,FORD,2019,BLACK,PENNSYLVANIA
1419,3000,FORD,2012,WHITE,MISSOURI
1420,20000,FORD,2015,GRAY,CALIFORNIA
1421,25300,FORD,2019,BLACK,PENNSYLVANIA
1422,4000,FORD,2015,WHITE,SOUTH CAROLINA
1423,45500,FORD,2019,GRAY,PENNSYLVANIA
1424,9100,FORD,2018,SILVER,MINNESOTA
1425,48000,FORD,2019,BLACK,PENNSYLVANIA
1426,47000,FORD,2019,BLUE,PENNSYLVANIA
1427,49500,FORD,2019,BLACK,PENNSYLVANIA
1428,31200,FORD,2019,BLACK,PENNSYLVANIA
1429,18500,FORD,2014,WHITE,CALIFORNIA
1430,15500,FORD,2019,SILVER,PENNSYLVANIA
1431,30500,FORD,2019,BLACK,PENNSYLVANIA
1432,45500,FORD,2019,SILVER,PENNSYLVANIA
1433,31500,FORD,2019,BLACK,PENNSYLVANIA
1434,11000,FORD,2013,WHITE,NEW JERSEY
1435,46500,FORD,2019,WHITE,PENNSYLVANIA
1436,31500,FORD,2019,BLACK,PENNSYLVANIA
1437,32000,FORD,2018,WHITE,OHIO
1438,23900,FORD,2019,BLACK,PENNSYLVANIA
1439,31500,FORD,2019,BLACK,PENNSYLVANIA
1440,18500,FORD,2016,BLACK,OHIO
1441,1500,FORD,2013,WHITE,GEORGIA
1442,46000,FORD,2019,WHITE,PENNSYLVANIA
1443,31500,FORD,2019,BLACK,PENNSYLVANIA
1444,14700,FORD,2015,WHITE,NEW JERSEY
1445,2700,FORD,2013,GREEN,MICHIGAN
1446,47500,FORD,2019,BLUE,PENNSYLVANIA
1447,31500,FORD,2019,BLACK,PENNSYLVANIA
1448,8900,FORD,2014,RED,NEW JERSEY
1449,7000,FORD,2019,WHITE,MICHIGAN
1450,49000,FORD,2019,RED,PENNSYLVANIA
1451,31500,FORD,2019,BLACK,PENNSYLVANIA
1452,8900,FORD,2014,BLACK,NEW JERSEY
1453,48000,FORD,2019,BLACK,PENNSYLVANIA
1454,50000,FORD,2019,BLACK,PENNSYLVANIA
1455,47300,FORD,2019,BLACK,PENNSYLVANIA
1456,45000,FORD,2017,BLACK,LOUISIANA
1457,49000,FORD,2019,SILVER,PENNSYLVANIA
1458,40200,FORD,2019,GRAY,TEXAS
1459,48000,FORD,2019,BLACK,PENNSYLVANIA
1460,5000,FORD,2015,SILVER,LOUISIANA
1461,8200,FORD,2013,SILVER,NEW JERSEY
1462,49000,FORD,2019,WHITE,PENNSYLVANIA
1463,4000,FORD,2015,GRAY,LOUISIANA
1464,39000,FORD,2019,SILVER,PENNSYLVANIA
1465,29000,FORD,2015,WHITE,LOUISIANA
1466,46500,FORD,2019,SILVER,PENNSYLVANIA
1467,7805,FORD,2015,GRAY,LOUISIANA
1468,22000,FORD,2018,GRAY,TEXAS
1469,18800,FORD,2019,BLACK,PENNSYLVANIA
1470,33000,FORD,2015,BLUE,LOUISIANA
1471,39500,FORD,2019,BLACK,PENNSYLVANIA
1472,16900,FORD,2015,BLACK,LOUISIANA
1473,42500,FORD,2019,WHITE,PENNSYLVANIA
1474,39500,FORD,2019,GRAY,PENNSYLVANIA
1475,25500,FORD,2018,BLUE,ILLINOIS
1476,49500,FORD,2019,WHITE,PENNSYLVANIA
1477,25000,FORD,2018,WHITE,ILLINOIS
1478,40000,FORD,2019,BLACK,PENNSYLVANIA
1479,26000,FORD,2018,BLACK,ILLINOIS
1480,29500,FORD,2019,SILVER,PENNSYLVANIA
1481,23000,FORD,2019,WHITE,OKLAHOMA
1482,25500,FORD,2018,BLACK,ILLINOIS
1483,44500,FORD,2019,GRAY,PENNSYLVANIA
1484,15600,FORD,2019,BLUE,MISSOURI
1485,23100,FORD,2019,WHITE,OKLAHOMA
1486,37000,FORD,2019,GRAY,PENNSYLVANIA
1487,14500,FORD,2019,GRAY,MISSOURI
1488,23000,FORD,2019,WHITE,OKLAHOMA
1489,26500,FORD,2019,GRAY,PENNSYLVANIA
1490,18000,FORD,2017,RED,MISSOURI
1491,35700,FORD,2019,BROWN,OKLAHOMA
1492,31000,FORD,2019,BLACK,PENNSYLVANIA
1493,2000,FORD,2013,NO_COLOR,MISSOURI
1494,40400,FORD,2019,WHITE,OKLAHOMA
1495,43600,FORD,2019,BLACK,PENNSYLVANIA
1496,22600,FORD,2019,WHITE,OKLAHOMA
1497,26000,FORD,2019,WHITE,PENNSYLVANIA
1498,23200,FORD,2019,WHITE,OKLAHOMA
1499,29000,FORD,2019,SILVER,PENNSYLVANIA
1500,22800,FORD,2019,WHITE,OKLAHOMA
1501,3450,FORD,2015,WHITE,OREGON
1502,31000,FORD,2019,WHITE,PENNSYLVANIA
1503,22900,FORD,2019,WHITE,OKLAHOMA
1504,3000,FORD,2014,RED,OREGON
1505,28000,FORD,2019,SILVER,PENNSYLVANIA
1506,23200,FORD,2019,WHITE,OKLAHOMA
1507,27000,FORD,2019,BLUE,PENNSYLVANIA
1508,22800,FORD,2019,WHITE,OKLAHOMA
1509,31500,FORD,2019,RED,PENNSYLVANIA
1510,23400,FORD,2019,WHITE,OKLAHOMA
1511,28000,FORD,2019,WHITE,PENNSYLVANIA
1512,23400,FORD,2019,WHITE,OKLAHOMA
1513,28000,FORD,2018,BLUE,TEXAS
1514,24900,FORD,2019,WHITE,PENNSYLVANIA
1515,23500,FORD,2019,WHITE,OKLAHOMA
1516,36000,FORD,2018,GRAY,TEXAS
1517,28700,FORD,2019,WHITE,PENNSYLVANIA
1518,16000,FORD,2018,SILVER,OREGON
1519,31000,FORD,2019,WHITE,PENNSYLVANIA
1520,16500,FORD,2017,WHITE,OREGON
1521,28500,FORD,2019,WHITE,PENNSYLVANIA
1522,10800,FORD,2017,BLACK,OREGON
1523,28500,FORD,2019,WHITE,PENNSYLVANIA
1524,25000,FORD,2017,GOLD,OREGON
1525,31000,FORD,2019,WHITE,PENNSYLVANIA
1526,7800,FORD,2016,BLACK,OREGON
1527,28500,FORD,2019,WHITE,PENNSYLVANIA
1528,9500,FORD,2016,SILVER,OREGON
1529,28500,FORD,2019,SILVER,PENNSYLVANIA
1530,14500,FORD,2016,BLACK,OREGON
1531,25000,FORD,2019,BLACK,PENNSYLVANIA
1532,14500,FORD,2016,WHITE,OREGON
1533,28500,FORD,2019,WHITE,PENNSYLVANIA
1534,12100,FORD,2016,SILVER,OREGON
1535,29400,FORD,2019,WHITE,PENNSYLVANIA
1536,24700,FORD,2019,SILVER,CALIFORNIA
1537,8700,FORD,2016,GRAY,OREGON
1538,29500,FORD,2019,WHITE,PENNSYLVANIA
1539,25800,FORD,2019,SILVER,CALIFORNIA
1540,17500,FORD,2016,BLUE,OREGON
1541,23900,FORD,2019,BROWN,PENNSYLVANIA
1542,22900,FORD,2019,BLACK,CALIFORNIA
1543,19500,FORD,2016,BLACK,OREGON
1544,29500,FORD,2019,GRAY,PENNSYLVANIA
1545,24500,FORD,2019,GRAY,CALIFORNIA
1546,11000,FORD,2016,BLACK,OREGON
1547,22400,FORD,2019,BLACK,PENNSYLVANIA
1548,15700,FORD,2019,GRAY,CALIFORNIA
1549,11000,FORD,2015,BLACK,OREGON
1550,28000,FORD,2019,BLACK,PENNSYLVANIA
1551,13500,FORD,2019,BLACK,CALIFORNIA
1552,7300,FORD,2013,WHITE,OREGON
1553,25100,FORD,2019,BLACK,PENNSYLVANIA
1554,24100,FORD,2019,WHITE,CALIFORNIA
1555,6500,FORD,2014,WHITE,OREGON
1556,10500,FORD,2019,RED,PENNSYLVANIA
1557,16900,FORD,2019,GRAY,CALIFORNIA
1558,6000,FORD,2013,WHITE,OREGON
1559,28500,FORD,2019,WHITE,PENNSYLVANIA
1560,16200,FORD,2019,SILVER,CALIFORNIA
1561,6500,FORD,2013,WHITE,OREGON
1562,24500,FORD,2019,GRAY,PENNSYLVANIA
1563,16500,FORD,2019,BLACK,CALIFORNIA
1564,56500,FORD,2017,GOLD,TEXAS
1565,10400,FORD,2019,GRAY,PENNSYLVANIA
1566,22800,FORD,2018,SILVER,OKLAHOMA
1567,26500,FORD,2019,WHITE,PENNSYLVANIA
1568,23800,FORD,2019,RED,PENNSYLVANIA
1569,24700,FORD,2018,WHITE,OKLAHOMA
1570,12400,FORD,2019,BLACK,PENNSYLVANIA
1571,16600,FORD,2019,WHITE,PENNSYLVANIA
1572,11200,FORD,2015,BLUE,OKLAHOMA
1573,15900,FORD,2019,SILVER,PENNSYLVANIA
1574,7700,FORD,2015,BLUE,OKLAHOMA
1575,15100,FORD,2019,WHITE,PENNSYLVANIA
1576,7200,FORD,2013,BLACK,OKLAHOMA
1577,15600,FORD,2019,GOLD,PENNSYLVANIA
1578,39700,FORD,2019,WHITE,OKLAHOMA
1579,16000,FORD,2019,GRAY,PENNSYLVANIA
1580,7500,FORD,2012,BLACK,OKLAHOMA
1581,15500,FORD,2017,WHITE,OREGON
1582,19000,FORD,2019,GRAY,PENNSYLVANIA
1583,5500,FORD,2015,SILVER,OKLAHOMA
1584,38700,FORD,2018,WHITE,OKLAHOMA
1585,21000,FORD,2019,RED,PENNSYLVANIA
1586,28500,FORD,2016,WHITE,OKLAHOMA
1587,37200,FORD,2018,WHITE,OKLAHOMA
1588,18500,FORD,2019,WHITE,PENNSYLVANIA
1589,15000,FORD,2015,WHITE,OKLAHOMA
1590,37700,FORD,2017,WHITE,OKLAHOMA
1591,22200,FORD,2019,WHITE,PENNSYLVANIA
1592,39950,FORD,2019,WHITE,GEORGIA
1593,37600,FORD,2017,WHITE,OKLAHOMA
1594,18500,FORD,2019,WHITE,PENNSYLVANIA
1595,10000,FORD,2013,SILVER,FLORIDA
1596,20500,FORD,2019,SILVER,PENNSYLVANIA
1597,5700,FORD,2013,WHITE,FLORIDA
1598,21000,FORD,2019,WHITE,PENNSYLVANIA
1599,22500,FORD,2019,WHITE,PENNSYLVANIA
1600,29000,FORD,2019,WHITE,COLORADO
1601,13200,FORD,2013,BLACK,FLORIDA
1602,25500,FORD,2019,WHITE,PENNSYLVANIA
1603,25700,FORD,2016,WHITE,TEXAS
1604,18900,FORD,2015,CHARCOAL,NEW YORK
1605,31500,FORD,2019,BLACK,PENNSYLVANIA
1606,45500,FORD,2017,BLACK,FLORIDA
1607,11000,FORD,2017,GRAY,PENNSYLVANIA
1608,18288,FORD,2015,GRAY,NEW YORK
1609,20000,FORD,2017,WHITE,FLORIDA
1610,36600,FORD,2016,WHITE,PENNSYLVANIA
1611,18299,FORD,2015,SILVER,PENNSYLVANIA
1612,10000,FORD,2017,SILVER,COLORADO
1613,4100,FORD,2012,SILVER,PENNSYLVANIA
1614,30995,FORD,2015,OFF-WHITE,TEXAS
1615,1750,FORD,2012,BLACK,MINNESOTA
1616,31500,FORD,2019,BLACK,PENNSYLVANIA
1617,13500,FORD,2016,WHITE,COLORADO
1618,7500,FORD,2014,BLUE,TEXAS
1619,650,FORD,2017,BLACK,CALIFORNIA
1620,22800,FORD,2019,WHITE,PENNSYLVANIA
1621,11300,FORD,2016,WHITE,COLORADO
1622,32700,FORD,2014,WHITE,TEXAS
1623,1350,FORD,2012,WHITE,VIRGINIA
1624,21900,FORD,2019,WHITE,PENNSYLVANIA
1625,11700,FORD,2014,ORANGE,TEXAS
1626,6500,FORD,2014,WHITE,GEORGIA
1627,9800,FORD,2014,BLACK,COLORADO
1628,11000,FORD,2014,WHITE,TEXAS
1629,1150,FORD,2014,RED,GEORGIA
1630,13000,FORD,2013,WHITE,COLORADO
1631,5500,FORD,2013,SILVER,TEXAS
1632,6000,FORD,2014,BLACK,MASSACHUSETTS
1633,11200,FORD,2013,BLUE,TEXAS
1634,5000,FORD,2016,GRAY,MASSACHUSETTS
1635,23400,FORD,2019,WHITE,MISSOURI
1636,13500,FORD,2019,RED,MASSACHUSETTS
1637,22900,FORD,2019,WHITE,MISSOURI
1638,20000,FORD,2020,SILVER,VIRGINIA
1639,22900,FORD,2019,WHITE,MISSOURI
1640,27000,FORD,2020,RED,VIRGINIA
1641,54500,FORD,2019,BLUE,OKLAHOMA
1642,20600,FORD,2020,BLACK,VIRGINIA
1643,23500,FORD,2019,WHITE,MISSOURI
1644,53000,FORD,2019,BLUE,OKLAHOMA
1645,23600,FORD,2019,WHITE,MISSOURI
1646,33500,FORD,2019,SILVER,OKLAHOMA
1647,24400,FORD,2019,GRAY,VIRGINIA
1648,13000,FORD,2016,BLACK,WEST VIRGINIA
1649,48400,FORD,2019,BLACK,VIRGINIA
1650,26500,FORD,2014,SILVER,WEST VIRGINIA
1651,46200,FORD,2019,WHITE,VIRGINIA
1652,9300,FORD,2013,SILVER,WEST VIRGINIA
1653,13500,FORD,2012,WHITE,WEST VIRGINIA
1654,27600,FORD,2019,SILVER,VIRGINIA
1655,7400,FORD,2013,RED,WEST VIRGINIA
1656,26500,FORD,2019,GRAY,VIRGINIA
1657,26000,FORD,2013,WHITE,WEST VIRGINIA
1658,24500,FORD,2019,BLACK,VIRGINIA
1659,2100,FORD,2012,RED,WEST VIRGINIA
1660,16700,FORD,2019,BLACK,VIRGINIA
1661,17500,FORD,2015,GRAY,MISSOURI
1662,17000,FORD,2019,GRAY,VIRGINIA
1663,22500,FORD,2015,BLACK,OKLAHOMA
1664,34500,FORD,2019,GRAY,MICHIGAN
1665,16600,FORD,2019,BLACK,VIRGINIA
1666,7500,FORD,2014,SILVER,MISSOURI
1667,34500,FORD,2019,WHITE,MICHIGAN
1668,25000,FORD,2019,BLACK,VIRGINIA
1669,36000,FORD,2019,GRAY,MICHIGAN
1670,23700,FORD,2019,GRAY,VIRGINIA
1671,28600,FORD,2019,SILVER,MICHIGAN
1672,23500,FORD,2013,BROWN,OKLAHOMA
1673,25300,FORD,2019,SILVER,MICHIGAN
1674,24900,FORD,2019,WHITE,VIRGINIA
1675,20300,FORD,2012,WHITE,MISSOURI
1676,23400,FORD,2020,GRAY,MICHIGAN
1677,14600,FORD,2019,SILVER,VIRGINIA
1678,25500,FORD,2019,SILVER,VIRGINIA
1679,14700,FORD,2019,WHITE,VIRGINIA
1680,33700,FORD,2019,WHITE,VIRGINIA
1681,33400,FORD,2019,GRAY,VIRGINIA
1682,34000,FORD,2019,BLACK,MICHIGAN
1683,17500,FORD,2019,WHITE,VIRGINIA
1684,14100,FORD,2019,WHITE,MICHIGAN
1685,30000,FORD,2019,BLACK,VIRGINIA
1686,16500,FORD,2019,RED,MICHIGAN
1687,30600,FORD,2019,GRAY,VIRGINIA
1688,12800,FORD,2019,SILVER,NEVADA
1689,26000,FORD,2019,WHITE,VIRGINIA
1690,46000,FORD,2019,BLACK,TEXAS
1691,28500,FORD,2019,WHITE,VIRGINIA
1692,24300,FORD,2019,SILVER,NEVADA
1693,29000,FORD,2019,NO_COLOR,TEXAS
1694,15300,FORD,2019,BLACK,NEVADA
1695,27900,FORD,2019,WHITE,NEW MEXICO
1696,24700,FORD,2019,BLACK,NEVADA
1697,14400,FORD,2019,BLACK,TEXAS
1698,15000,FORD,2019,WHITE,NEVADA
1699,17200,FORD,2014,BLACK,FLORIDA
1700,12800,FORD,2019,WHITE,NEVADA
1701,46900,FORD,2020,GRAY,VIRGINIA
1702,2800,FORD,2013,GRAY,FLORIDA
1703,16200,FORD,2019,BLACK,NEVADA
1704,25200,FORD,2020,BLACK,VIRGINIA
1705,34800,FORD,2019,SILVER,NEVADA
1706,52000,FORD,2019,WHITE,TEXAS
1707,26000,FORD,2017,WHITE,TEXAS
1708,40600,FORD,2019,WHITE,NEVADA
1709,55000,FORD,2019,NO_COLOR,TEXAS
1710,5000,FORD,2015,BLACK,TEXAS
1711,36400,FORD,2019,BLACK,NEVADA
1712,7500,FORD,2015,WHITE,TEXAS
1713,14700,FORD,2019,SILVER,NEVADA
1714,43900,FORD,2020,NO_COLOR,SOUTH CAROLINA
1715,6400,FORD,2013,RED,TEXAS
1716,41100,FORD,2019,SILVER,NEVADA
1717,23000,FORD,2013,WHITE,TEXAS
1718,13900,FORD,2019,BLUE,NEVADA
1719,19000,FORD,2012,WHITE,TEXAS
1720,34800,FORD,2019,WHITE,NEVADA
1721,22000,FORD,2012,WHITE,TEXAS
1722,16300,FORD,2019,WHITE,NEVADA
1723,18800,FORD,2019,GREEN,VIRGINIA
1724,13000,FORD,2012,WHITE,TEXAS
1725,40900,FORD,2019,BLACK,NEVADA
1726,47000,FORD,2019,GRAY,VIRGINIA
1727,12800,FORD,2017,RED,WISCONSIN
1728,25500,FORD,2019,GRAY,NEVADA
1729,17800,FORD,2019,BLACK,VIRGINIA
1730,25700,FORD,2019,BLACK,NEVADA
1731,17200,FORD,2019,WHITE,VIRGINIA
1732,35000,FORD,2019,WHITE,NEW JERSEY
1733,28800,FORD,2019,WHITE,NEVADA
1734,39200,FORD,2019,BLACK,TENNESSEE
1735,13600,FORD,2019,GRAY,PENNSYLVANIA
1736,24200,FORD,2019,BLACK,NEVADA
1737,46900,FORD,2019,GRAY,VIRGINIA
1738,26500,FORD,2019,GRAY,PENNSYLVANIA
1739,24700,FORD,2019,SILVER,NEVADA
1740,12600,FORD,2017,GRAY,NEW JERSEY
1741,31800,FORD,2019,RED,NEVADA
1742,24500,FORD,2019,WHITE,NEVADA
1743,26000,FORD,2019,WHITE,VIRGINIA
1744,21000,FORD,2017,GRAY,PENNSYLVANIA
1745,22500,FORD,2019,WHITE,NEVADA
1746,7700,FORD,2017,BLACK,PENNSYLVANIA
1747,23100,FORD,2019,RED,NEVADA
1748,9200,FORD,2017,WHITE,PENNSYLVANIA
1749,19600,FORD,2019,GRAY,NEVADA
1750,11700,FORD,2016,BLACK,PENNSYLVANIA
1751,27300,FORD,2019,BLUE,NEVADA
1752,14300,FORD,2016,WHITE,PENNSYLVANIA
1753,23600,FORD,2019,WHITE,NEVADA
1754,6200,FORD,2016,GRAY,PENNSYLVANIA
1755,22400,FORD,2019,WHITE,NEVADA
1756,5700,FORD,2016,BLACK,PENNSYLVANIA
1757,23600,FORD,2019,WHITE,NEVADA
1758,4600,FORD,2016,GRAY,PENNSYLVANIA
1759,37500,FORD,2019,SILVER,NEVADA
1760,10700,FORD,2016,WHITE,PENNSYLVANIA
1761,31900,FORD,2019,BLACK,NEVADA
1762,31600,FORD,2019,BLACK,GEORGIA
1763,12600,FORD,2018,GRAY,NEVADA
1764,5300,FORD,2013,GRAY,PENNSYLVANIA
1765,3900,FORD,2018,BLUE,NEVADA
1766,13000,FORD,2015,GRAY,FLORIDA
1767,11800,FORD,2018,BLACK,NEVADA
1768,24600,FORD,2019,BLACK,GEORGIA
1769,14500,FORD,2014,BLACK,FLORIDA
1770,24300,FORD,2018,SILVER,NEVADA
1771,12300,FORD,2018,WHITE,NEVADA
1772,14800,FORD,2016,BLUE,NEW JERSEY
1773,17100,FORD,2018,SILVER,NEVADA
1774,6800,FORD,2016,NO_COLOR,NEW JERSEY
1775,20300,FORD,2018,BLUE,CONNECTICUT
1776,26300,FORD,2018,SILVER,NEW YORK
1777,22500,FORD,2016,SILVER,NEVADA
1778,41200,FORD,2019,GRAY,TENNESSEE
1779,20400,FORD,2017,GRAY,FLORIDA
1780,49900,FORD,2019,BLACK,VIRGINIA
1781,12100,FORD,2017,SILVER,NEW YORK
1782,24000,FORD,2016,BLUE,FLORIDA
1783,9500,FORD,2017,WHITE,NEW YORK
1784,9000,FORD,2017,SILVER,NEW JERSEY
1785,9800,FORD,2017,WHITE,NEW JERSEY
1786,7800,FORD,2017,SILVER,CONNECTICUT
1787,17200,FORD,2017,WHITE,NEW YORK
1788,18800,FORD,2017,GRAY,NEW YORK
1789,9800,FORD,2014,WHITE,CALIFORNIA
1790,7000,FORD,2013,GRAY,FLORIDA
1791,44000,FORD,2019,GRAY,NEVADA
1792,23400,FORD,2019,WHITE,TEXAS
1793,30700,FORD,2019,WHITE,TEXAS
1794,15600,FORD,2019,BLACK,SOUTH CAROLINA
1795,22600,FORD,2019,WHITE,TEXAS
1796,22900,FORD,2019,WHITE,SOUTH CAROLINA
1797,22800,FORD,2019,WHITE,TEXAS
1798,22700,FORD,2019,WHITE,SOUTH CAROLINA
1799,23000,FORD,2019,WHITE,TEXAS
1800,22700,FORD,2019,WHITE,SOUTH CAROLINA
1801,23000,FORD,2019,WHITE,NORTH CAROLINA
1802,34400,FORD,2019,GRAY,SOUTH CAROLINA
1803,36500,FORD,2016,GRAY,NEVADA
1804,23100,FORD,2019,WHITE,SOUTH CAROLINA
1805,23300,FORD,2019,WHITE,SOUTH CAROLINA
1806,22600,FORD,2019,WHITE,NORTH CAROLINA
1807,4500,FORD,2016,GRAY,MISSISSIPPI
1808,23000,FORD,2019,WHITE,NORTH CAROLINA
1809,8000,FORD,2014,WHITE,MISSISSIPPI
1810,11500,FORD,2019,SILVER,NORTH CAROLINA
1811,9400,FORD,2017,NO_COLOR,SOUTH CAROLINA
1812,23000,FORD,2019,WHITE,NORTH CAROLINA
1813,2800,FORD,2012,BLACK,CALIFORNIA
1814,22600,FORD,2019,WHITE,NORTH CAROLINA
1815,23000,FORD,2019,WHITE,NORTH CAROLINA
1816,5200,FORD,2016,BLACK,SOUTH CAROLINA
1817,19200,FORD,2017,GRAY,TEXAS
1818,10100,FORD,2017,RED,TEXAS
1819,6200,FORD,2015,BLACK,SOUTH CAROLINA
1820,14000,FORD,2016,WHITE,TEXAS
1821,5000,FORD,2015,GRAY,SOUTH CAROLINA
1822,9200,FORD,2016,RED,TEXAS
1823,14700,FORD,2016,BLACK,TEXAS
1824,3000,FORD,2014,SILVER,SOUTH CAROLINA
1825,30200,FORD,2015,RED,TEXAS
1826,3800,FORD,2013,BLACK,SOUTH CAROLINA
1827,3200,FORD,2013,SILVER,SOUTH CAROLINA
1828,21500,FORD,2015,NO_COLOR,TEXAS
1829,4900,FORD,2016,WHITE,CALIFORNIA
1830,23000,FORD,2017,SILVER,COLORADO
1831,11200,FORD,2014,NO_COLOR,TEXAS
1832,10400,FORD,2014,WHITE,CALIFORNIA
1833,13200,FORD,2014,BLACK,TEXAS
1834,5200,FORD,2013,SILVER,TEXAS
1835,10500,FORD,2015,RED,NEW JERSEY
1836,11900,FORD,2013,WHITE,CALIFORNIA
1837,21200,FORD,2014,WHITE,TEXAS
1838,23500,FORD,2013,WHITE,CALIFORNIA
1839,4700,FORD,2013,WHITE,TEXAS
1840,11100,FORD,2014,BLUE,TEXAS
1841,22000,FORD,2015,WHITE,COLORADO
1842,14000,FORD,2013,BLACK,COLORADO
1843,9200,FORD,2013,WHITE,TEXAS
1844,23300,FORD,2019,SILVER,MINNESOTA
1845,21700,FORD,2012,GREEN,TEXAS
1846,11200,FORD,2012,BLUE,TEXAS
1847,11300,FORD,2018,GRAY,NORTH CAROLINA
1848,4200,FORD,2015,COLOR:,ILLINOIS
1849,10900,FORD,2018,GREEN,NORTH CAROLINA
1850,42300,FORD,2019,GRAY,FLORIDA
1851,10500,FORD,2014,WHITE,IDAHO
1852,43400,FORD,2019,GRAY,FLORIDA
1853,12500,FORD,2016,WHITE,IDAHO
1854,15900,FORD,2019,WHITE,MINNESOTA
1855,42500,FORD,2019,WHITE,FLORIDA
1856,15000,FORD,2015,WHITE,TEXAS
1857,24700,FORD,2019,BLUE,FLORIDA
1858,15500,FORD,2015,WHITE,TEXAS
1859,49000,FORD,2019,WHITE,MINNESOTA
1860,29000,FORD,2017,BLACK,TENNESSEE
1861,16800,FORD,2019,WHITE,FLORIDA
1862,51000,FORD,2019,RED,MINNESOTA
1863,16500,FORD,2019,WHITE,FLORIDA
1864,10000,FORD,2016,WHITE,TEXAS
1865,27900,FORD,2019,GRAY,FLORIDA
1866,23700,FORD,2019,GRAY,FLORIDA
1867,20000,FORD,2012,COLOR:,CALIFORNIA
1868,45600,FORD,2019,GRAY,FLORIDA
1869,6000,FORD,2012,WHITE,VIRGINIA
1870,15600,FORD,2019,BLACK,FLORIDA
1871,25000,FORD,2017,RED,MICHIGAN
1872,28500,FORD,2019,BLACK,FLORIDA
1873,8000,FORD,2014,YELLOW,FLORIDA
1874,19990,FORD,2016,BLACK,CONNECTICUT
1875,34400,FORD,2019,GRAY,FLORIDA
1876,30999,FORD,2016,SHADOW BLACK,CONNECTICUT
1877,41000,FORD,2019,BLACK,FLORIDA
1878,27999,FORD,2016,GRAY,MASSACHUSETTS
1879,42000,FORD,2019,BLACK,FLORIDA
1880,8000,FORD,2013,COLOR:,NEW JERSEY
1881,29795,FORD,2016,TRIPLE YELLOW TRI-COAT,CONNECTICUT
1882,24700,FORD,2019,BLACK,FLORIDA
1883,13995,FORD,2016,GRAY,NEW JERSEY
1884,2900,FORD,2015,SILVER,FLORIDA
1885,35400,FORD,2019,WHITE,FLORIDA
1886,24549,FORD,2016,SHADOW BLACK,NEW YORK
1887,8900,FORD,2014,SILVER,FLORIDA
1888,15800,FORD,2019,BLACK,FLORIDA
1889,18500,FORD,2016,BLACK,NEW YORK
1890,32000,FORD,2019,RED,MINNESOTA
1891,28300,FORD,2019,GRAY,FLORIDA
1892,10500,FORD,2019,BLUE,FLORIDA
1893,24970,FORD,2016,GREEN,NEW YORK
1894,13800,FORD,2019,BLUE,MINNESOTA
1895,2580,FORD,2012,WHITE,FLORIDA
1896,59975,FORD,2019,WHITE,FLORIDA
1897,2500,FORD,2012,WHITE,INDIANA
1898,28990,FORD,2016,TRIPLE YELLOW TRI-COAT,MASSACHUSETTS
1899,50000,FORD,2019,BLUE,MINNESOTA
1900,33800,FORD,2014,WHITE,KENTUCKY
1901,59975,FORD,2019,BLACK,FLORIDA
1902,2500,FORD,2013,GRAY,MINNESOTA
1903,46999,FORD,2016,MAGNETIC METALLIC,NEW JERSEY
1904,16700,FORD,2019,BLACK,MINNESOTA
1905,34700,FORD,2013,WHITE,KENTUCKY
1906,28900,FORD,2019,BLACK,FLORIDA
1907,30800,FORD,2016,RUBY RED METALLIC TINTED CLEARCOAT,NEW JERSEY
1908,27100,FORD,2019,SILVER,MINNESOTA
1909,13388,FORD,2012,BLACK,LOUISIANA
1910,26000,FORD,2019,BLUE,FLORIDA
1911,17900,FORD,2016,SHADOW BLACK,MASSACHUSETTS
1912,23400,FORD,2019,BLACK,MINNESOTA
1913,29800,FORD,2016,BLUE,ILLINOIS
1914,23700,FORD,2019,GRAY,FLORIDA
1915,1725,FORD,2012,BLACK,ILLINOIS
1916,33995,FORD,2016,BLACK,NEW JERSEY
1917,23500,FORD,2019,WHITE,MINNESOTA
1918,32500,FORD,2019,BLACK,FLORIDA
1919,2500,FORD,2016,BLUE,MISSISSIPPI
1920,39000,FORD,2019,BLACK,MINNESOTA
1921,11000,FORD,2018,GRAY,MASSACHUSETTS
1922,32500,FORD,2019,BLACK,FLORIDA
1923,800,FORD,2012,BLACK,MISSISSIPPI
1924,26900,FORD,2019,BLACK,MINNESOTA
1925,11200,FORD,2016,GRAY,NEW YORK
1926,21000,FORD,2018,RED,NEW YORK
1927,32000,FORD,2019,RED,MINNESOTA
1928,7300,FORD,2016,BLACK,CONNECTICUT
1929,12800,FORD,2018,BLACK,MISSOURI
1930,24190,FORD,2018,BLUE,MASSACHUSETTS
1931,29100,FORD,2019,RED,MINNESOTA
1932,29000,FORD,2017,RED,MASSACHUSETTS
1933,17300,FORD,2016,BLACK,NEW YORK
1934,19888,FORD,2018,INGOT SILVER METALLIC,NEW JERSEY
1935,31000,FORD,2019,WHITE,MINNESOTA
1936,37200,FORD,2017,BLACK,MASSACHUSETTS
1937,8600,FORD,2016,SILVER,NEW JERSEY
1938,24857,FORD,2018,SHADOW BLACK,MASSACHUSETTS
1939,23500,FORD,2019,GRAY,MINNESOTA
1940,26100,FORD,2018,WHITE,MISSISSIPPI
1941,10800,FORD,2016,BLUE,NEW YORK
1942,20995,FORD,2018,WHITE,NEW YORK
1943,29300,FORD,2019,WHITE,MINNESOTA
1944,33100,FORD,2018,GRAY,MISSISSIPPI
1945,13800,FORD,2016,GRAY,NEW JERSEY
1946,19498,FORD,2018,BLACK,NEW YORK
1947,14900,FORD,2019,GRAY,MINNESOTA
1948,8700,FORD,2016,BLACK,MASSACHUSETTS
1949,20600,FORD,2019,GRAY,FLORIDA
1950,5000,FORD,2018,WHITE,OKLAHOMA
1951,19995,FORD,2018,WHITE,NEW YORK
1952,14900,FORD,2019,SILVER,MINNESOTA
1953,19500,FORD,2016,BLACK,MASSACHUSETTS
1954,24500,FORD,2019,WHITE,FLORIDA
1955,15000,FORD,2018,WHITE,CALIFORNIA
1956,26985,FORD,2018,BLACK,NEW YORK
1957,31000,FORD,2019,WHITE,MINNESOTA
1958,24300,FORD,2017,SILVER,MISSISSIPPI
1959,16800,FORD,2019,GRAY,FLORIDA
1960,17200,FORD,2018,WHITE,CALIFORNIA
1961,34995,FORD,2018,RUBY RED,NEW YORK
1962,24300,FORD,2019,WHITE,MINNESOTA
1963,26400,FORD,2017,WHITE,MISSISSIPPI
1964,16800,FORD,2019,BLACK,FLORIDA
1965,15500,FORD,2018,BLACK,CALIFORNIA
1966,19440,FORD,2018,SILVER,NEW YORK
1967,16700,FORD,2019,SILVER,MINNESOTA
1968,29000,FORD,2017,BLUE,ALABAMA
1969,16100,FORD,2019,WHITE,FLORIDA
1970,17200,FORD,2018,WHITE,CALIFORNIA
1971,20950,FORD,2018,BLACK,NEW HAMPSHIRE
1972,46200,FORD,2017,NO_COLOR,ALABAMA
1973,29400,FORD,2019,WHITE,FLORIDA
1974,2825,FORD,2014,WHITE,MONTANA
1975,32999,FORD,2018,SHADOW BLACK,NEW JERSEY
1976,6600,FORD,2014,ORANGE,NEW JERSEY
1977,50200,FORD,2017,WHITE,ALABAMA
1978,28300,FORD,2019,WHITE,FLORIDA
1979,12000,FORD,2017,WHITE,CALIFORNIA
1980,32999,FORD,2018,ROYAL CRIMSON METALLIC TINTED CLEARCOAT,NEW JERSEY
1981,12600,FORD,2014,BLACK,NEW JERSEY
1982,5200,FORD,2017,RED,ALABAMA
1983,20500,FORD,2019,BLACK,FLORIDA
1984,1200,FORD,2012,RED,VIRGINIA
1985,35999,FORD,2018,KONA BLUE METALLIC,NEW JERSEY
1986,41000,FORD,2019,SILVER,MINNESOTA
1987,33100,FORD,2017,RED,MISSISSIPPI
1988,23500,FORD,2019,BLUE,FLORIDA
1989,18799,FORD,2015,RED,CONNECTICUT
1990,33999,FORD,2018,MAGNETIC METALLIC,NEW JERSEY
1991,35000,FORD,2019,WHITE,MINNESOTA
1992,26100,FORD,2017,WHITE,MISSISSIPPI
1993,15400,FORD,2019,WHITE,FLORIDA
1994,25998,FORD,2015,COLOR:,NEW YORK
1995,31831,FORD,2018,BLACK,NEW JERSEY
1996,40400,FORD,2019,BLACK,MINNESOTA
1997,15400,FORD,2013,SILVER,CONNECTICUT
1998,13500,FORD,2019,GRAY,FLORIDA
1999,25995,FORD,2015,WHITE,NEW HAMPSHIRE
2000,27990,FORD,2018,INGOT SILVER METALLIC,NEW YORK
2001,23985,FORD,2015,WHITE,NEW JERSEY
2002,27995,FORD,2018,GRAY,PENNSYLVANIA
2003,13995,FORD,2015,OXFORD WHITE,NEW YORK
2004,29988,FORD,2018,INGOT SILVER METALLIC,PENNSYLVANIA
2005,12995,FORD,2015,BLUE,NEW JERSEY
2006,21687,FORD,2018,LIGHTNING BLUE,PENNSYLVANIA
2007,25200,FORD,2016,WHITE,ALABAMA
2008,29590,FORD,2015,GREEN,NEW YORK
2009,28999,FORD,2018,INGOT SILVER,PENNSYLVANIA
2010,13942,FORD,2015,MAGNETIC METALLIC,NEW JERSEY
2011,15300,FORD,2018,SILVER,UTAH
2012,35400,FORD,2020,BLUE,OHIO
2013,32700,FORD,2016,SILVER,ALABAMA
2014,13995,FORD,2015,SILVER,NEW YORK
2015,1850,FORD,2014,BLACK,MICHIGAN
2016,15800,FORD,2012,GOLD,FLORIDA
2017,36000,FORD,2016,BLACK,MISSISSIPPI
2018,15495,FORD,2015,WHITE,NEW YORK
2019,21500,FORD,2012,RED,FLORIDA
2020,7200,FORD,2016,BLACK,ALABAMA
2021,17589,FORD,2015,RED,NEW JERSEY
2022,31700,FORD,2015,WHITE,ALABAMA
2023,31790,FORD,2015,ORANGE,NEW YORK
2024,18100,FORD,2015,WHITE,MISSISSIPPI
2025,14495,FORD,2015,WHITE,NEW JERSEY
2026,15000,FORD,2020,WHITE,ILLINOIS
2027,26400,FORD,2015,BLACK,MISSISSIPPI
2028,27990,FORD,2015,RED,MASSACHUSETTS
2029,19700,FORD,2015,WHITE,MISSISSIPPI
2030,15300,FORD,2015,SILVER,MASSACHUSETTS
2031,22000,FORD,2014,BLACK,MISSISSIPPI
2032,23999,FORD,2015,BLACK,NEW JERSEY
2033,16488,FORD,2015,GRAY,NEW YORK
2034,12784,FORD,2015,GRAY,NEW JERSEY
2035,23400,FORD,2015,BLACK,NEW JERSEY
2036,9705,FORD,2017,BLACK,ARKANSAS
2037,25999,FORD,2015,OXFORD WHITE,NEW JERSEY
2038,34977,FORD,2015,BLACK,PENNSYLVANIA
2039,19000,FORD,2015,INGOT SILVER METALLIC,NEW JERSEY
2040,15995,FORD,2015,BLACK,NEW YORK
2041,13487,FORD,2015,GRAY,NEW YORK
2042,18707,FORD,2015,WHITE,CONNECTICUT
2043,15290,FORD,2015,WHITE PLATINUM TRI-COAT METALLIC,NEW YORK
2044,15600,FORD,2015,BLACK,NEW YORK
2045,47000,FORD,2019,BLACK,ILLINOIS
2046,16080,FORD,2015,BLUE,CONNECTICUT
2047,50000,FORD,2019,WHITE,ILLINOIS
2048,15268,FORD,2015,BLACK,NEW YORK
2049,47500,FORD,2019,BLACK,ILLINOIS
2050,18497,FORD,2015,BLACK,MASSACHUSETTS
2051,10000,FORD,2019,SILVER,ILLINOIS
2052,19995,FORD,2015,RED,PENNSYLVANIA
2053,49000,FORD,2019,WHITE,ILLINOIS
2054,17150,FORD,2015,BLACK,NEW JERSEY
2055,45000,FORD,2019,BLACK,ILLINOIS
2056,14295,FORD,2015,GUARD,NEW JERSEY
2057,49000,FORD,2019,BLACK,ILLINOIS
2058,16190,FORD,2015,MAGNETIC METALLIC,NEW YORK
2059,49000,FORD,2019,BLACK,ILLINOIS
2060,17899,FORD,2015,MAGNETIC METALLIC,NEW YORK
2061,26000,FORD,2019,BLACK,ILLINOIS
2062,14000,FORD,2015,MAGNETIC METALLIC,NEW JERSEY
2063,15500,FORD,2019,GRAY,ILLINOIS
2064,16888,FORD,2015,BLACK,NEW YORK
2065,28000,FORD,2019,SILVER,ILLINOIS
2066,8305,FORD,2014,BLUE,ARKANSAS
2067,21822,FORD,2015,WHITE PLATINUM TRI-COAT METALLIC,NEW JERSEY
2068,15500,FORD,2019,RED,ILLINOIS
2069,12500,FORD,2015,BLUE,ARKANSAS
2070,15995,FORD,2015,BLUE,NEW YORK
2071,16000,FORD,2019,WHITE,ILLINOIS
2072,38200,FORD,2018,WHITE,NORTH CAROLINA
2073,12995,FORD,2015,BLACK,NEW YORK
2074,14488,FORD,2015,TUXEDO BLACK METALLIC,MASSACHUSETTS
2075,17500,FORD,2016,WHITE,FLORIDA
2076,21995,FORD,2015,BLUE,MASSACHUSETTS
2077,8500,FORD,2015,WHITE,FLORIDA
2078,16593,FORD,2015,TUXEDO BLACK METALLIC,MASSACHUSETTS
2079,13000,FORD,2017,BLACK,ILLINOIS
2080,14247,FORD,2015,BLUE,PENNSYLVANIA
2081,23500,FORD,2017,GRAY,ILLINOIS
2082,16999,FORD,2015,OXFORD WHITE,PENNSYLVANIA
2083,25000,FORD,2017,RED,ILLINOIS
2084,20159,FORD,2015,OXFORD WHITE,NEW JERSEY
2085,31000,FORD,2017,BLACK,ILLINOIS
2086,22500,FORD,2018,GRAY,COLORADO
2087,29500,FORD,2017,BLACK,ILLINOIS
2088,59900,FORD,2020,NO_COLOR,OHIO
2089,24000,FORD,2017,BLACK,ILLINOIS
2090,20500,FORD,2017,BLACK,ILLINOIS
2091,27200,FORD,2019,GRAY,NORTH CAROLINA
2092,24900,FORD,2018,WHITE,VIRGINIA
2093,24500,FORD,2017,WHITE,ILLINOIS
2094,34000,FORD,2018,BLACK,VIRGINIA
2095,28000,FORD,2017,WHITE,ILLINOIS
2096,27000,FORD,2017,BLACK,ILLINOIS
2097,34000,FORD,2018,BLACK,VIRGINIA
2098,42500,FORD,2017,WHITE,ILLINOIS
2099,33000,FORD,2018,BLACK,PENNSYLVANIA
2100,10200,FORD,2018,BLACK,PENNSYLVANIA
2101,25600,FORD,2019,GRAY,NORTH CAROLINA
2102,16300,FORD,2018,WHITE,TEXAS
2103,26500,FORD,2016,WHITE,ILLINOIS
2104,36500,FORD,2018,RED,PENNSYLVANIA
2105,25900,FORD,2019,WHITE,NORTH CAROLINA
2106,22500,FORD,2016,BLACK,ILLINOIS
2107,29000,FORD,2018,WHITE,PENNSYLVANIA
2108,825,FORD,2012,WHITE,PENNSYLVANIA
2109,10500,FORD,2016,RED,ILLINOIS
2110,32000,FORD,2018,WHITE,PENNSYLVANIA
2111,27700,FORD,2015,WHITE,TEXAS
2112,4000,FORD,2015,RED,ILLINOIS
2113,38800,FORD,2018,BLACK,PENNSYLVANIA
2114,26200,FORD,2015,WHITE,TEXAS
2115,19500,FORD,2018,WHITE,WISCONSIN
2116,11700,FORD,2015,BLACK,ILLINOIS
2117,34000,FORD,2018,BLACK,PENNSYLVANIA
2118,38600,FORD,2019,WHITE,FLORIDA
2119,21500,FORD,2015,BLACK,ILLINOIS
2120,38500,FORD,2018,BLACK,PENNSYLVANIA
2121,38500,FORD,2018,BLACK,PENNSYLVANIA
2122,12000,FORD,2017,BLUE,MISSOURI
2123,30500,FORD,2018,OFF-WHITE,PENNSYLVANIA
2124,11300,FORD,2016,ORANGE,MISSOURI
2125,29500,FORD,2018,GRAY,PENNSYLVANIA
2126,16100,FORD,2014,WHITE,MISSOURI
2127,32500,FORD,2018,RED,PENNSYLVANIA
2128,29000,FORD,2019,BLACK,TEXAS
2129,30000,FORD,2018,RED,PENNSYLVANIA
2130,26000,FORD,2019,WHITE,NORTH CAROLINA
2131,26000,FORD,2018,GRAY,PENNSYLVANIA
2132,18500,FORD,2019,BLUE,NORTH CAROLINA
2133,12000,FORD,2017,GRAY,TEXAS
2134,30000,FORD,2018,BLUE,PENNSYLVANIA
2135,14700,FORD,2019,SILVER,NORTH CAROLINA
2136,25000,FORD,2017,RED,TEXAS
2137,26550,FORD,2018,WHITE,PENNSYLVANIA
2138,27000,FORD,2019,WHITE,NORTH CAROLINA
2139,34000,FORD,2016,WHITE,TEXAS
2140,27500,FORD,2018,GRAY,PENNSYLVANIA
2141,25500,FORD,2018,GRAY,PENNSYLVANIA
2142,13500,FORD,2019,BROWN,NORTH CAROLINA
2143,4000,FORD,2015,GRAY,TEXAS
2144,25700,FORD,2018,WHITE,PENNSYLVANIA
2145,29000,FORD,2015,WHITE,TEXAS
2146,30500,FORD,2018,BLACK,PENNSYLVANIA
2147,30000,FORD,2018,BLACK,PENNSYLVANIA
2148,9000,FORD,2014,GRAY,TEXAS
2149,19000,FORD,2018,WHITE,PENNSYLVANIA
2150,25800,FORD,2019,SILVER,NORTH CAROLINA
2151,26500,FORD,2018,GRAY,PENNSYLVANIA
2152,29300,FORD,2019,RED,NORTH CAROLINA
2153,6300,FORD,2018,BLACK,PENNSYLVANIA
2154,25400,FORD,2019,WHITE,NORTH CAROLINA
2155,26000,FORD,2018,GRAY,PENNSYLVANIA
2156,7000,FORD,2017,BLACK,NORTH CAROLINA
2157,25900,FORD,2018,RED,PENNSYLVANIA
2158,9700,FORD,2019,GRAY,NORTH CAROLINA
2159,27000,FORD,2018,BLACK,PENNSYLVANIA
2160,9100,FORD,2019,BLACK,NORTH CAROLINA
2161,28000,FORD,2018,RED,PENNSYLVANIA
2162,25700,FORD,2019,BLACK,NORTH CAROLINA
2163,27500,FORD,2018,BLACK,PENNSYLVANIA
2164,9400,FORD,2019,WHITE,NORTH CAROLINA
2165,25500,FORD,2018,BLUE,PENNSYLVANIA
2166,20500,FORD,2019,WHITE,NORTH CAROLINA
2167,21500,FORD,2018,GRAY,PENNSYLVANIA
2168,12800,FORD,2019,GRAY,NORTH CAROLINA
2169,23900,FORD,2018,WHITE,PENNSYLVANIA
2170,9400,FORD,2019,GRAY,NORTH CAROLINA
2171,26900,FORD,2018,SILVER,PENNSYLVANIA
2172,25500,FORD,2019,GRAY,NORTH CAROLINA
2173,27000,FORD,2018,BLUE,PENNSYLVANIA
2174,9300,FORD,2019,SILVER,NORTH CAROLINA
2175,14400,FORD,2018,BLACK,PENNSYLVANIA
2176,19000,FORD,2019,RED,NORTH CAROLINA
2177,14000,FORD,2018,WHITE,PENNSYLVANIA
2178,13600,FORD,2019,GRAY,NORTH CAROLINA
2179,19200,FORD,2018,WHITE,PENNSYLVANIA
2180,13600,FORD,2019,RED,NORTH CAROLINA
2181,18600,FORD,2018,WHITE,PENNSYLVANIA
2182,13700,FORD,2019,RED,NORTH CAROLINA
2183,18200,FORD,2018,WHITE,PENNSYLVANIA
2184,13800,FORD,2019,SILVER,NORTH CAROLINA
2185,22000,FORD,2018,BLACK,PENNSYLVANIA
2186,13700,FORD,2019,SILVER,NORTH CAROLINA
2187,28000,FORD,2018,BLACK,PENNSYLVANIA
2188,13800,FORD,2019,WHITE,NORTH CAROLINA
2189,18600,FORD,2018,WHITE,PENNSYLVANIA
2190,13700,FORD,2019,RED,NORTH CAROLINA
2191,13700,FORD,2019,SILVER,NORTH CAROLINA
2192,13800,FORD,2019,SILVER,NORTH CAROLINA
2193,17700,FORD,2019,GRAY,NORTH CAROLINA
2194,13900,FORD,2019,WHITE,NORTH CAROLINA
2195,13900,FORD,2019,NO_COLOR,NORTH CAROLINA
2196,50500,FORD,2018,WHITE,PENNSYLVANIA
2197,13600,FORD,2019,GRAY,NORTH CAROLINA
2198,55000,FORD,2018,BLACK,PENNSYLVANIA
2199,13800,FORD,2019,WHITE,NORTH CAROLINA
2200,56000,FORD,2018,BLACK,PENNSYLVANIA
2201,13800,FORD,2019,SILVER,NORTH CAROLINA
2202,45800,FORD,2018,WHITE,PENNSYLVANIA
2203,13800,FORD,2019,NO_COLOR,NORTH CAROLINA
2204,5500,NISSAN,2018,SILVER,NORTH CAROLINA
2205,14400,NISSAN,2020,GRAY,ARIZONA
2206,11450,NISSAN,2018,WHITE,FLORIDA
2207,11000,NISSAN,2018,BLACK,FLORIDA
2208,11450,NISSAN,2018,RED,FLORIDA
2209,11000,NISSAN,2018,BLACK,FLORIDA
2210,11200,NISSAN,2018,BLACK,FLORIDA
2211,11400,NISSAN,2018,BLACK,FLORIDA
2212,11450,NISSAN,2018,GRAY,FLORIDA
2213,11050,NISSAN,2018,GRAY,FLORIDA
2214,11400,NISSAN,2018,GRAY,FLORIDA
2215,11050,NISSAN,2018,SILVER,FLORIDA
2216,10850,NISSAN,2018,GRAY,FLORIDA
2217,10900,NISSAN,2018,RED,FLORIDA
2218,10450,NISSAN,2018,RED,FLORIDA
2219,10800,NISSAN,2018,GRAY,FLORIDA
2220,10850,NISSAN,2018,WHITE,FLORIDA
2221,10800,NISSAN,2018,BLACK,FLORIDA
2222,10850,NISSAN,2018,GRAY,FLORIDA
2223,10800,NISSAN,2018,BLACK,FLORIDA
2224,10900,NISSAN,2018,WHITE,FLORIDA
2225,10400,NISSAN,2018,BLUE,FLORIDA
2226,10500,NISSAN,2018,BLUE,FLORIDA
2227,10800,NISSAN,2018,SILVER,FLORIDA
2228,10800,NISSAN,2018,GRAY,FLORIDA
2229,11200,NISSAN,2019,SILVER,ARIZONA
2230,11100,NISSAN,2019,BLUE,ARIZONA
2231,12200,NISSAN,2019,BLACK,ARIZONA
2232,4000,NISSAN,2019,BLACK,ARIZONA
2233,9000,NISSAN,2019,GRAY,ARIZONA
2234,14900,NISSAN,2019,SILVER,ARIZONA
2235,4600,NISSAN,2019,BLUE,ARIZONA
2236,6400,NISSAN,2019,RED,ARIZONA
2237,10400,NISSAN,2019,WHITE,ARIZONA
2238,7800,NISSAN,2019,BLACK,ARIZONA
2239,12300,NISSAN,2019,WHITE,ARIZONA
2240,10900,NISSAN,2019,GRAY,ARIZONA
2241,8500,NISSAN,2019,WHITE,ARIZONA
2242,7300,NISSAN,2019,WHITE,ARIZONA
2243,5900,NISSAN,2019,RED,ARIZONA
2244,20000,NISSAN,2017,WHITE,TEXAS
2245,11200,NISSAN,2018,BLUE,WISCONSIN
2246,14400,NISSAN,2018,BLACK,WISCONSIN
2247,16500,NISSAN,2018,WHITE,WISCONSIN
2248,13400,NISSAN,2017,SILVER,WISCONSIN
2249,12500,NISSAN,2017,WHITE,WISCONSIN
2250,6500,NISSAN,2013,GRAY,ILLINOIS
2251,19800,NISSAN,2018,WHITE,FLORIDA
2252,8800,NISSAN,2018,WHITE,FLORIDA
2253,12800,NISSAN,2018,BLUE,FLORIDA
2254,8800,NISSAN,2018,RED,FLORIDA
2255,3500,NISSAN,2019,WHITE,MISSOURI
2256,750,NISSAN,2018,GRAY,MISSOURI
2257,10800,NISSAN,2017,BLUE,FLORIDA
2258,22300,NISSAN,2017,WHITE,TEXAS
2259,8300,NISSAN,2018,GRAY,CALIFORNIA
2260,8300,NISSAN,2018,GRAY,CALIFORNIA
2261,8000,NISSAN,2018,GRAY,CALIFORNIA
2262,15200,NISSAN,2018,BLACK,ALABAMA
2263,6700,NISSAN,2017,WHITE,CALIFORNIA
2264,7500,NISSAN,2017,GRAY,CONNECTICUT
2265,10500,NISSAN,2017,BLACK,CONNECTICUT
2266,8400,NISSAN,2017,WHITE,CONNECTICUT
2267,7000,NISSAN,2015,BLACK,FLORIDA
2268,25500,NISSAN,2020,BLACK,CALIFORNIA
2269,4100,NISSAN,2017,BLACK,FLORIDA
2270,13900,NISSAN,2020,BLACK,CALIFORNIA
2271,1900,NISSAN,2015,BLACK,FLORIDA
2272,14700,NISSAN,2017,WHITE,CONNECTICUT
2273,1900,NISSAN,2013,BLUE,OHIO
2274,18800,NISSAN,2017,WHITE,MISSOURI
2275,7800,NISSAN,2018,RED,CALIFORNIA
2276,13500,NISSAN,2016,RED,LOUISIANA
2277,8000,NISSAN,2018,SILVER,CALIFORNIA
2278,3300,NISSAN,2013,GRAY,LOUISIANA
2279,7200,NISSAN,2017,SILVER,CONNECTICUT
2280,8000,NISSAN,2017,GRAY,CALIFORNIA
2281,1280,NISSAN,2012,BLACK,INDIANA
2282,14000,NISSAN,2018,WHITE,FLORIDA
2283,3500,NISSAN,2015,GRAY,CALIFORNIA
2284,600,NISSAN,2012,SILVER,KANSAS
2285,12500,NISSAN,2018,GRAY,CALIFORNIA
2286,5800,NISSAN,2013,GRAY,TEXAS
2287,8000,NISSAN,2018,GRAY,CALIFORNIA
2288,2200,NISSAN,2015,TAN,TEXAS
2289,8300,NISSAN,2018,WHITE,CALIFORNIA
2290,7500,NISSAN,2016,BLUE,MISSOURI
2291,8000,NISSAN,2018,BLUE,CALIFORNIA
2292,3500,NISSAN,2012,SILVER,MISSOURI
2293,8000,NISSAN,2018,WHITE,CALIFORNIA
2294,2000,NISSAN,2012,BURGUNDY,OKLAHOMA
2295,7800,NISSAN,2018,RED,CALIFORNIA
2296,8000,NISSAN,2018,WHITE,CALIFORNIA
2297,18500,NISSAN,2019,WHITE,CALIFORNIA
2298,8000,NISSAN,2018,BLUE,CALIFORNIA
2299,18300,NISSAN,2019,WHITE,CALIFORNIA
2300,7500,NISSAN,2018,RED,CALIFORNIA
2301,29800,NISSAN,2019,BLUE,CALIFORNIA
2302,21100,NISSAN,2020,SILVER,SOUTH CAROLINA
2303,16200,NISSAN,2019,SILVER,CALIFORNIA
2304,6998,NISSAN,2015,SUPER BLACK,VERMONT
2305,14700,NISSAN,2020,GRAY,PENNSYLVANIA
2306,19000,NISSAN,2020,BLACK,CALIFORNIA
2307,7500,NISSAN,2016,BLACK,TEXAS
2308,7998,NISSAN,2015,CAYENNE RED,VERMONT
2309,10999,NISSAN,2015,SUPER BLACK,MASSACHUSETTS
2310,2900,NISSAN,2012,GRAY,NORTH CAROLINA
2311,8495,NISSAN,2015,MORNINGSKY BLUE,NEW HAMPSHIRE
2312,19925,NISSAN,2016,GRAY,ALABAMA
2313,9500,NISSAN,2018,BLACK,NEW JERSEY
2314,12750,NISSAN,2015,PEARL WHITE,MASSACHUSETTS
2315,22800,NISSAN,2015,BLUE,ALABAMA
2316,11621,NISSAN,2015,GLACIER WHITE,RHODE ISLAND
2317,11590,NISSAN,2015,CAYENNE RED,NEW HAMPSHIRE
2318,4700,NISSAN,2012,BLACK,ALABAMA
2319,11390,NISSAN,2015,SUPER BLACK,NEW YORK
2320,14500,NISSAN,2017,BLUE,TENNESSEE
2321,12000,NISSAN,2020,BLUE,OHIO
2322,15000,NISSAN,2020,BLUE,OHIO
2323,7500,NISSAN,2016,BLACK,GEORGIA
2324,28000,NISSAN,2018,GRAY,PENNSYLVANIA
2325,17500,NISSAN,2018,BLACK,PENNSYLVANIA
2326,18000,NISSAN,2018,SILVER,PENNSYLVANIA
2327,13200,NISSAN,2018,BLACK,PENNSYLVANIA
2328,17000,NISSAN,2018,GRAY,TEXAS
2329,6700,NISSAN,2012,BLACK,GEORGIA
2330,23300,NISSAN,2018,WHITE,TEXAS
2331,26800,NISSAN,2018,WHITE,NEW MEXICO
2332,18200,NISSAN,2018,BLACK,TENNESSEE
2333,18700,NISSAN,2018,SILVER,VIRGINIA
2334,12900,NISSAN,2016,RED,NEW JERSEY
2335,16000,NISSAN,2018,NO_COLOR,VIRGINIA
2336,19400,NISSAN,2020,BLACK,MINNESOTA
2337,10900,NISSAN,2018,SILVER,TENNESSEE
2338,15800,NISSAN,2018,BLACK,VIRGINIA
2339,19800,NISSAN,2020,SILVER,MINNESOTA
2340,19000,NISSAN,2018,BLACK,VIRGINIA
2341,18000,NISSAN,2020,BLACK,MINNESOTA
2342,19800,NISSAN,2020,BLUE,MINNESOTA
2343,19700,NISSAN,2020,BLACK,MINNESOTA
2344,20100,NISSAN,2020,BLUE,MINNESOTA
2345,19700,NISSAN,2019,SILVER,MINNESOTA
2346,23400,NISSAN,2019,WHITE,MINNESOTA
2347,23300,NISSAN,2019,BLACK,MINNESOTA
2348,17500,NISSAN,2019,BLACK,MINNESOTA
2349,17100,NISSAN,2019,BLACK,MINNESOTA
2350,15800,NISSAN,2019,SILVER,MINNESOTA
2351,13600,NISSAN,2019,BLACK,MINNESOTA
2352,14400,NISSAN,2019,BLACK,MINNESOTA
2353,19800,NISSAN,2019,SILVER,MINNESOTA
2354,17200,NISSAN,2019,GRAY,MINNESOTA
2355,20300,NISSAN,2019,SILVER,MINNESOTA
2356,20500,NISSAN,2019,GRAY,MINNESOTA
2357,16500,NISSAN,2019,SILVER,MINNESOTA
2358,16000,NISSAN,2019,BLACK,MINNESOTA
2359,14600,NISSAN,2019,BLUE,MINNESOTA
2360,16300,NISSAN,2019,WHITE,MINNESOTA
2361,15400,NISSAN,2019,SILVER,MINNESOTA
2362,15800,NISSAN,2019,BLUE,MINNESOTA
2363,15800,NISSAN,2019,BLUE,MINNESOTA
2364,21400,NISSAN,2018,WHITE,GEORGIA
2365,15300,NISSAN,2019,GRAY,MINNESOTA
2366,20100,NISSAN,2019,BLACK,MINNESOTA
2367,11300,NISSAN,2019,GRAY,MINNESOTA
2368,10700,NISSAN,2019,BLACK,MINNESOTA
2369,16000,NISSAN,2018,NO_COLOR,SOUTH CAROLINA
2370,16600,NISSAN,2019,WHITE,MINNESOTA
2371,15800,NISSAN,2019,GRAY,MINNESOTA
2372,11600,NISSAN,2019,BLACK,MINNESOTA
2373,15000,NISSAN,2017,RED,VIRGINIA
2374,17600,NISSAN,2019,BLUE,MINNESOTA
2375,36300,NISSAN,2017,WHITE,VIRGINIA
2376,15600,NISSAN,2019,SILVER,MINNESOTA
2377,14000,NISSAN,2017,GREEN,VIRGINIA
2378,16600,NISSAN,2019,BLACK,MINNESOTA
2379,12600,NISSAN,2017,GRAY,TENNESSEE
2380,20900,NISSAN,2019,BLACK,MINNESOTA
2381,12700,NISSAN,2017,BLACK,TENNESSEE
2382,15600,NISSAN,2019,WHITE,MINNESOTA
2383,18900,NISSAN,2019,SILVER,MINNESOTA
2384,15700,NISSAN,2019,BLUE,MINNESOTA
2385,21900,NISSAN,2019,GRAY,MINNESOTA
2386,21700,NISSAN,2019,BLACK,MINNESOTA
2387,14600,NISSAN,2016,GRAY,VIRGINIA
2388,12000,NISSAN,2019,GRAY,MINNESOTA
2389,21000,NISSAN,2019,SILVER,MINNESOTA
2390,12500,NISSAN,2017,BLUE,PENNSYLVANIA
2391,15900,NISSAN,2019,SILVER,MINNESOTA
2392,11800,NISSAN,2017,RED,PENNSYLVANIA
2393,9900,NISSAN,2019,BLUE,MINNESOTA
2394,10600,NISSAN,2018,BLACK,MINNESOTA
2395,10100,NISSAN,2018,BLACK,MINNESOTA
2396,13300,NISSAN,2018,GRAY,MINNESOTA
2397,10100,NISSAN,2018,WHITE,MINNESOTA
2398,10300,NISSAN,2018,BLACK,MINNESOTA
2399,10300,NISSAN,2018,GRAY,MINNESOTA
2400,10300,NISSAN,2018,BLUE,MINNESOTA
2401,24000,NISSAN,2018,GRAY,MINNESOTA
2402,10400,NISSAN,2018,GRAY,MINNESOTA
2403,10200,NISSAN,2018,GRAY,MINNESOTA
2404,9500,NISSAN,2018,BLUE,MINNESOTA
2405,10500,NISSAN,2018,BLACK,MINNESOTA
2406,10500,NISSAN,2018,SILVER,MINNESOTA
2407,3500,NISSAN,2016,BLUE,PENNSYLVANIA
2408,9300,NISSAN,2018,BLACK,MINNESOTA
2409,14100,NISSAN,2016,SILVER,PENNSYLVANIA
2410,2425,NISSAN,2012,BLACK,TENNESSEE
2411,925,NISSAN,2012,SILVER,TENNESSEE
2412,11000,NISSAN,2016,BLACK,PENNSYLVANIA
2413,11000,NISSAN,2016,GREEN,PENNSYLVANIA
2414,2100,NISSAN,2013,SILVER,TENNESSEE
2415,800,NISSAN,2012,BLACK,FLORIDA
2416,20400,NISSAN,2018,SILVER,SOUTH CAROLINA
2417,375,NISSAN,2017,RED,NORTH CAROLINA
2418,3000,NISSAN,2015,BEIGE,PENNSYLVANIA
2419,15100,NISSAN,2017,GRAY,SOUTH CAROLINA
2420,4000,NISSAN,2015,SILVER,NORTH CAROLINA
2421,19500,NISSAN,2017,GRAY,SOUTH CAROLINA
2422,22600,NISSAN,2017,GRAY,SOUTH CAROLINA
2423,6500,NISSAN,2014,WHITE,PENNSYLVANIA
2424,11800,NISSAN,2012,GRAY,PENNSYLVANIA
2425,20500,NISSAN,2017,WHITE,MISSOURI
2426,14200,NISSAN,2018,BLACK,OHIO
2427,22000,NISSAN,2018,WHITE,OHIO
2428,16200,NISSAN,2018,SILVER,OHIO
2429,4800,NISSAN,2016,GRAY,TEXAS
2430,16000,NISSAN,2018,BLACK,OHIO
2431,14300,NISSAN,2018,GRAY,OHIO
2432,16800,NISSAN,2019,SILVER,FLORIDA
2433,11900,NISSAN,2018,GRAY,OHIO
2434,3000,NISSAN,2015,GRAY,SOUTH CAROLINA
2435,15000,NISSAN,2019,GRAY,FLORIDA
2436,15200,NISSAN,2019,GRAY,FLORIDA
2437,18000,NISSAN,2017,BLACK,OHIO
2438,22700,NISSAN,2016,WHITE,OHIO
2439,3800,NISSAN,2015,BLUE,TEXAS
2440,5475,NISSAN,2018,BLACK,CONNECTICUT
2441,11400,NISSAN,2018,BLUE,ILLINOIS
2442,28100,NISSAN,2018,SILVER,ILLINOIS
2443,3500,NISSAN,2017,GRAY,ILLINOIS
2444,15200,NISSAN,2016,ORANGE,ILLINOIS
2445,1950,NISSAN,2015,BLUE,CALIFORNIA
2446,13400,NISSAN,2016,BLACK,ILLINOIS
2447,12500,NISSAN,2018,GRAY,FLORIDA
2448,16500,NISSAN,2018,BLACK,FLORIDA
2449,16500,NISSAN,2018,SILVER,FLORIDA
2450,16500,NISSAN,2018,BLACK,FLORIDA
2451,13900,NISSAN,2018,BLACK,FLORIDA
2452,13900,NISSAN,2018,GRAY,FLORIDA
2453,1500,NISSAN,2013,BLACK,MARYLAND
2454,16500,NISSAN,2018,WHITE,FLORIDA
2455,13900,NISSAN,2018,WHITE,FLORIDA
2456,16500,NISSAN,2018,BLACK,FLORIDA
2457,13900,NISSAN,2018,GRAY,FLORIDA
2458,12400,NISSAN,2018,BLACK,FLORIDA
2459,13000,NISSAN,2018,GRAY,FLORIDA
2460,16500,NISSAN,2018,GRAY,FLORIDA
2461,13900,NISSAN,2018,BLACK,FLORIDA
2462,16500,NISSAN,2018,BLACK,FLORIDA
2463,13900,NISSAN,2018,BLACK,FLORIDA
2464,13900,NISSAN,2018,BLACK,FLORIDA
2465,13900,NISSAN,2018,SILVER,FLORIDA
2466,12100,NISSAN,2018,SILVER,FLORIDA
2467,16500,NISSAN,2018,SILVER,FLORIDA
2468,16500,NISSAN,2018,BLUE,FLORIDA
2469,13900,NISSAN,2018,WHITE,FLORIDA
2470,3700,NISSAN,2015,SILVER,ILLINOIS
2471,18800,NISSAN,2019,WHITE,NORTH CAROLINA
2472,9200,NISSAN,2018,BLACK,FLORIDA
2473,30100,NISSAN,2019,BLACK,NORTH CAROLINA
2474,9200,NISSAN,2018,BLACK,FLORIDA
2475,11100,NISSAN,2019,BLACK,NORTH CAROLINA
2476,13900,NISSAN,2018,WHITE,FLORIDA
2477,9100,NISSAN,2018,BLACK,FLORIDA
2478,22800,NISSAN,2019,BLACK,ILLINOIS
2479,13900,NISSAN,2018,BLACK,FLORIDA
2480,12600,NISSAN,2019,GRAY,CALIFORNIA
2481,9200,NISSAN,2018,SILVER,FLORIDA
2482,12100,NISSAN,2019,GRAY,CALIFORNIA
2483,9200,NISSAN,2018,BLACK,FLORIDA
2484,2300,NISSAN,2019,SILVER,CALIFORNIA
2485,13900,NISSAN,2018,BLACK,FLORIDA
2486,9500,NISSAN,2019,BLACK,CALIFORNIA
2487,13900,NISSAN,2018,WHITE,FLORIDA
2488,1700,NISSAN,2019,RED,CALIFORNIA
2489,13900,NISSAN,2018,GRAY,FLORIDA
2490,10400,NISSAN,2019,BLUE,CALIFORNIA
2491,9200,NISSAN,2018,BLACK,FLORIDA
2492,7400,NISSAN,2019,BLACK,CALIFORNIA
2493,9200,NISSAN,2018,BLACK,FLORIDA
2494,7800,NISSAN,2019,RED,CALIFORNIA
2495,9200,NISSAN,2018,SILVER,FLORIDA
2496,9200,NISSAN,2018,SILVER,FLORIDA
2497,9200,NISSAN,2018,BLACK,FLORIDA
2498,9200,NISSAN,2018,SILVER,FLORIDA
